"Genus","baseMean","log2FoldChange","lfc5E","stat","pvalue","padj","change","Type"
"g__Luteitalea",1558.55875613979,2.31675056425388,0.290423204348839,7.97715378648302,1.49746203098297e-15,1.9026576393666e-14,"UP","landfill"
"g__Flaviflexus",988.276260455483,3.54409565851884,0.336873609412889,10.5205500208092,6.9466868346059e-26,3.6498268125605e-24,"UP","landfill"
"g__Jiangella",476.460466034493,2.0418092967995,0.214079698955038,9.53761289260937,1.46157748211558e-21,4.30501003823136e-20,"UP","landfill"
"g__Streptomyces",35584.6514357917,2.11115099213936,0.20899396178058,10.1014927615748,5.44076045665778e-24,2.2035079849464e-22,"UP","landfill"
"g__Georgenia",868.190534586628,2.67088845439938,0.238030452631425,11.2207846721826,3.223970268594e-29,2.98447533435559e-27,"UP","landfill"
"g__Actinotalea",249.923881516134,2.58526992337014,0.254351804718994,10.1641501078647,2.8661065083244e-24,1.23815801159614e-22,"UP","landfill"
"g__Cellulomonas",3182.66508374051,2.17347852983335,0.219420004654332,9.90556231760813,3.9374874789076e-23,1.44424069037667e-21,"UP","landfill"
"g__Oerskovia",153.428339627771,2.01147769674322,0.232230217170381,8.66156747925465,4.65320941060212e-18,8.07664204840225e-17,"UP","landfill"
"g__Paraoerskovia",207.604086878686,2.18421290873307,0.21630719954108,10.0977355971836,5.65324548291705e-24,2.24283861607974e-22,"UP","landfill"
"g__Intrasporangium",1622.09703008785,5.0953321913648,0.318893936620576,15.9781407114909,1.81478636753092e-57,1.76397234924005e-54,"UP","landfill"
"g__Pedococcus",197.454907896165,2.50544568228045,0.240809155677428,10.4042791696698,2.37043274847909e-25,1.12393201537643e-23,"UP","landfill"
"g__Phycicoccus",362.475555968059,2.12043987308101,0.230505070330721,9.19910295265382,3.60950349294258e-20,9.35583305370717e-19,"UP","landfill"
"g__Tetrasphaera",153.738251478514,2.56451158685403,0.241547131976849,10.6170235426344,2.48354036765407e-26,1.37942927849129e-24,"UP","landfill"
"g__Jonesia",270.898424700641,4.91140095035393,0.374343546663998,13.1200363786751,2.52813555630409e-39,4.09557960121263e-37,"UP","landfill"
"g__Agromyces",2298.76128509512,2.23411501080639,0.235192782366608,9.49907981157324,2.11753151607208e-21,6.05364892241783e-20,"UP","landfill"
"g__Gulosibacter",548.935594894179,2.52101007407378,0.292811575681174,8.60966670531757,7.32732972414135e-18,1.24950254243252e-16,"UP","landfill"
"g__Citricoccus",338.266902060348,2.54532368685576,0.234319405733095,10.862624369042,1.73684765727353e-27,1.25053031323694e-25,"UP","landfill"
"g__Kocuria",1320.14017664677,2.5013055801538,0.239849069330995,10.4286649397083,1.834476309138e-25,9.14415883324171e-24,"UP","landfill"
"g__Paeniglutamicibacter",305.216323605518,3.19113585762357,0.274203889483233,11.637821271017,2.64690882360293e-31,3.02681809004947e-29,"UP","landfill"
"g__Cellulosimicrobium",1600.87302151673,2.90294285998756,0.289678123553393,10.0212705895014,1.22912518896599e-23,4.68513601441156e-22,"UP","landfill"
"g__Xylanimonas",363.496383929675,2.02951629644553,0.217496596715703,9.33125541774973,1.04624216867204e-20,2.78615722725815e-19,"UP","landfill"
"g__Sanguibacter",548.067604189173,2.2279339237884,0.295346966046803,7.54344611562843,4.57712010095965e-14,4.38321254988451e-13,"UP","landfill"
"g__Luteimicrobium",133.804830238661,2.15760763862454,0.228507859150292,9.44215943664966,3.65174584790082e-21,1.02883969975641e-19,"UP","landfill"
"g__Actinoplanes",2124.80070880811,2.0869425149952,0.215783979603414,9.67144325927607,3.98714936244813e-22,1.27065874763921e-20,"UP","landfill"
"g__Catellatospora",664.946535151854,3.6044793997271,0.276093389452194,13.0552904829734,5.928347726518e-39,8.86515998488538e-37,"UP","landfill"
"g__Couchioplanes",224.176207203997,2.22304165719297,0.229814688039611,9.67319224091457,3.91957282403017e-22,1.26994159498578e-20,"UP","landfill"
"g__Dactylosporangium",1414.07162759805,2.44122349377727,0.229278063759897,10.647435928863,1.79233947985618e-26,1.055850893588e-24,"UP","landfill"
"g__Micromonospora",14630.916213167,3.64134101157471,0.260879268140103,13.957954718039,2.81393719021951e-44,1.09405877955735e-41,"UP","landfill"
"g__Phytohabitans",617.162294206263,2.53399846389216,0.236914353458428,10.6958418808374,1.06448521832146e-26,6.89786421472308e-25,"UP","landfill"
"g__Plantactinospora",448.439024341986,2.49645041362598,0.226842822740448,11.0051990337045,3.60718532193592e-28,3.18172021901445e-26,"UP","landfill"
"g__Polymorphospora",207.17393120975,2.36406185037765,0.226847053170981,10.4213910532741,1.98035271382984e-25,9.62451418921305e-24,"UP","landfill"
"g__Salinispora",103.180603123581,2.76995052139104,0.242343508355705,11.4298523619844,2.96612701139439e-30,3.03481626850036e-28,"UP","landfill"
"g__Solwaraspora",486.904548367967,2.34480681149239,0.214785938473284,10.9169474880873,9.56568358067209e-28,7.43827555233062e-26,"UP","landfill"
"g__Corynebacterium",30555.9908700837,2.82541935729726,0.336459116990728,8.39751165778372,4.56039283099141e-17,6.98063280586401e-16,"UP","landfill"
"g__Dietzia",4696.62407145927,3.24181142980551,0.340071998551464,9.53272084621491,1.53213952412662e-21,4.44549139537634e-20,"UP","landfill"
"g__Kribbella",511.307661211324,2.27867612501932,0.213315878747098,10.682168333661,1.23356170494326e-26,7.73562565938609e-25,"UP","landfill"
"g__Kibdelosporangium",168.499867377182,2.00896089559292,0.208770118389636,9.62283736336016,6.4039816760366e-22,2.00795812551857e-20,"UP","landfill"
"g__Kutzneria",1050.26041456884,2.69104315459845,0.247430007117805,10.8759773559607,1.50039080357421e-27,1.12183066236472e-25,"UP","landfill"
"g__Lentzea",558.802337600609,2.5579639009408,0.246839968908722,10.362843230979,3.65920118499598e-25,1.69368740562671e-23,"UP","landfill"
"g__Saccharomonospora",5964.85101311056,5.58299967263663,0.336867389389293,16.5732862499931,1.08718359570316e-61,2.11348491004694e-58,"UP","landfill"
"g__Nocardiopsis",903.719052400149,2.35144416658928,0.223419893339745,10.5247752625749,6.64197557712456e-26,3.58666681164726e-24,"UP","landfill"
"g__Capillimicrobium",495.545432635765,2.02182899630787,0.254486109284128,7.94475188447534,1.94579858697646e-15,2.37901412143537e-14,"UP","landfill"
"g__Conexibacter",1193.18338273445,2.16967864480482,0.249971854755263,8.67969174741316,3.96842895947128e-18,6.95011342091186e-17,"UP","landfill"
"g__Paraconexibacter",311.331169818666,2.07087699413602,0.245294377712074,8.44241524592466,3.10846802631442e-17,4.99410069682251e-16,"UP","landfill"
"g__Amphibacillus",111.565731535504,2.52139929263084,0.402684324623094,6.26147862842894,3.81344088198272e-10,2.23967645757535e-09,"UP","landfill"
"g__Planococcus",4761.83442216584,3.91028421294241,0.368198943887148,10.6200310399068,2.4048114502655e-26,1.37498631156357e-24,"UP","landfill"
"g__Ureibacillus",175.125616045041,2.1987968689533,0.340367997331413,6.46005760292543,1.04663133630833e-10,6.73725601915033e-10,"UP","landfill"
"g__Jeotgalicoccus",1465.8838480558,4.41763252290949,0.439052704683033,10.0617362694502,8.15472817935622e-24,3.1705583161337e-22,"UP","landfill"
"g__Thermoactinomyces",135.332690591904,2.39419929223926,0.309995041804712,7.72334705194262,1.13314098627256e-14,1.20373009689281e-13,"UP","landfill"
"g__Exiguobacterium",797.767314084736,2.49168103784031,0.305515779053746,8.1556541713087,3.47294891840892e-16,4.72126762055031e-15,"UP","landfill"
"g__Desemzia",730.856724954985,2.11019872867109,0.543306550619387,3.88399279608427,0.000102754953235448,0.000248452274987202,"UP","landfill"
"g__Jeotgalibaca",1385.33001731802,2.45760147928455,0.448941409147476,5.47421429435849,4.39457016256127e-08,1.82154464733883e-07,"UP","landfill"
"g__Anaerotignum",104.057929654608,-2.27774889083519,0.315367021734934,-7.22253353665381,5.10278145269297e-13,4.45027938702898e-12,"DOWN","landfill"
"g__Novisyntrophococcus",69.2086265002215,-2.32180811439143,0.329217670717905,-7.0525014933992,1.75729526627967e-12,1.42340916568653e-11,"DOWN","landfill"
"g__Caproicibacterium",126.602441495277,-2.42664503620298,0.26430466992648,-9.18124162118661,4.26149037479528e-20,1.04865028969646e-18,"DOWN","landfill"
"g__Bacteroides",3004.80542413661,-2.92660818423481,0.29637788847614,-9.8745834221382,5.36554354151203e-23,1.89647575358171e-21,"DOWN","landfill"
"g__Paludibacter",93.7453526021769,-2.18398587889334,0.286491962030231,-7.62320123544299,2.47460640286668e-14,2.50883876877088e-13,"DOWN","landfill"
"g__Prevotella",1281.90491623051,-2.78123811273517,0.268668861347212,-10.3519183383922,4.10183373855674e-25,1.85441041575682e-23,"DOWN","landfill"
"g__Aliarcobacter",872.258848784296,-2.44575614627503,0.414209986998609,-5.90462862568121,3.53442022259111e-09,1.77542969320856e-08,"DOWN","landfill"
"g__Arcobacter",953.164107702374,-5.03073177943318,0.372983194358929,-13.487824265326,1.84464172173461e-41,3.98442611894675e-39,"DOWN","landfill"
"g__Halarcobacter",54.7192485706428,-2.12970173392564,0.328751757886055,-6.47814553941882,9.28567669571606e-11,6.03724264096054e-10,"DOWN","landfill"
"g__Sulfuricurvum",225.485375964554,-4.96567947694391,0.35808101436709,-13.8674748945313,9.97261171244718e-44,2.42334464612466e-41,"DOWN","landfill"
"g__Sulfurimonas",460.968311170072,-2.13412647365346,0.326127935360209,-6.54383216603727,5.99620881568401e-11,4.03343596459852e-10,"DOWN","landfill"
"g__Sulfurospirillum",156.765151915752,-2.89937516238599,0.26354712810958,-11.0013536599058,3.76438091755825e-28,3.18172021901445e-26,"DOWN","landfill"
"g__Sulfurovum",91.9475499114795,-2.49570478639411,0.273733674728961,-9.11727352823962,7.70379673860426e-20,1.8263635194935e-18,"DOWN","landfill"
"g__Candidatus Absconditicoccus",6.91623818018522,-2.02590631491784,0.245588033676845,-8.24920613837238,1.59450185379004e-16,2.27919970865282e-15,"DOWN","landfill"
"g__Candidatus Cloacimonas",242.028177195163,-4.22374843261832,0.433684120293512,-9.73922778117803,2.05107020853086e-22,6.87462152652413e-21,"DOWN","landfill"
"g__Candidatus Velamenicoccus",81.1583406408865,-3.63523524284067,0.298991116368896,-12.1583386389163,5.18014657273922e-34,7.19300352671789e-32,"DOWN","landfill"
"g__Waddlia",19.2549866054688,-2.18486547240432,0.294994441478446,-7.40646319115121,1.2971222346358e-13,1.20650986800574e-12,"DOWN","landfill"
"g__Candidatus Promineifilum",990.989229489846,-2.84119256423626,0.336460117142216,-8.44436656673735,3.05698522151153e-17,4.95231605884867e-16,"DOWN","landfill"
"g__Dehalococcoides",223.465609321808,-3.22589408091396,0.283994349041506,-11.3590079936502,6.68999725820067e-30,6.50267733497105e-28,"DOWN","landfill"
"g__Scytonema",126.847071385005,3.16917144652262,0.329992239470753,9.60377568759008,7.7068361809911e-22,2.3781094501344e-20,"UP","landfill"
"g__Endomicrobium",20.3972709433621,-2.05347282258061,0.217551595249483,-9.43901523785993,3.76299211481009e-21,1.04503666731297e-19,"DOWN","landfill"
"g__Ignavibacterium",153.663917833947,-2.84607493099997,0.266926723936767,-10.6623828780598,1.52635755876313e-26,9.27262216948602e-25,"DOWN","landfill"
"g__Melioribacter",25.2204600999999,-2.00461363871325,0.190665490130256,-10.5137727721139,7.46462721051326e-26,3.81874613085205e-24,"DOWN","landfill"
"g__Mariniplasma",73.3804417940472,-2.36896517953643,0.426898392155489,-5.54924830607838,2.86900459984219e-08,1.24217036572232e-07,"DOWN","landfill"
"g__Paracholeplasma",87.8813381113946,-2.18590257685204,0.416049450150213,-5.25394896222752,1.48872150929781e-07,5.55484570839719e-07,"DOWN","landfill"
"g__Anaeromyxobacter",2941.14573391573,2.86498045723658,0.266657400274759,10.7440500593067,6.32092365846429e-27,4.23719848001882e-25,"UP","landfill"
"g__Pseudochrobactrum",1231.18108122711,3.08774134235074,0.361123768163981,8.55036863967547,1.22696000931868e-17,2.07409587662219e-16,"UP","landfill"
"g__Rhodoplanes",1109.33962697407,2.38317062762046,0.314640765541954,7.57425892832276,3.61183407392573e-14,3.52834444206614e-13,"UP","landfill"
"g__Methylosinus",1467.98434654306,-2.71661886771973,0.341228662625554,-7.9612856868967,1.70260762253269e-15,2.12171103730997e-14,"DOWN","landfill"
"g__Pseudorhizobium",1171.18654602878,3.62390875189698,0.314727442962933,11.5144352134675,1.11588244110101e-30,1.20515303638909e-28,"UP","landfill"
"g__Advenella",2819.50343145023,2.34547086717348,0.356462904751472,6.57984557694372,4.70937122756895e-11,3.21228690048914e-10,"UP","landfill"
"g__Alcaligenes",17071.6460853122,4.96173706335731,0.369412662567557,13.4314211886278,3.95742955432372e-41,7.69324305360532e-39,"UP","landfill"
"g__Paenalcaligenes",1959.72250349655,5.3249210736535,0.372946264786617,14.2779847297845,3.00156426064949e-46,1.94501364090087e-43,"UP","landfill"
"g__Ottowia",1296.10861043411,-2.10041307496838,0.2636865531116,-7.96556764151495,1.6446703915995e-15,2.06273499436737e-14,"DOWN","landfill"
"g__Gallionella",183.813727363009,-3.05618341673426,0.258654229168259,-11.8157102111258,3.23800984669131e-32,3.93418196372995e-30,"DOWN","landfill"
"g__Candidatus Methylopumilus",154.768212949423,-2.39155568185224,0.263294290720864,-9.08320372350074,1.05425040304998e-19,2.4111326865049e-18,"DOWN","landfill"
"g__Methylobacillus",185.668649406934,-2.1763579999842,0.270297778274504,-8.05170510049097,8.1648447990088e-16,1.06526565699819e-14,"DOWN","landfill"
"g__Methylophilus",329.242572539844,-2.8163710612285,0.278166517018671,-10.1247666017239,4.29001005253655e-24,1.77442117917682e-22,"DOWN","landfill"
"g__Methyloradius",155.140148183316,-3.50915114220006,0.326323921572074,-10.7535822850333,5.70038156457101e-27,3.9576934862593e-25,"DOWN","landfill"
"g__Methylotenera",357.323957488731,-4.2020175990094,0.319719453336475,-13.1428274231007,1.87102612303802e-39,3.30661343925993e-37,"DOWN","landfill"
"g__Methylovorus",227.743768230182,-2.13346169206859,0.280640253972816,-7.60212286679031,2.91311947099748e-14,2.8893389038873e-13,"DOWN","landfill"
"g__Nitrosomonas",1717.96798729437,-2.05269984232626,0.266822386160479,-7.69313201888417,1.43576229842177e-14,1.50871454493617e-13,"DOWN","landfill"
"g__Methyloversatilis",365.822004507582,-2.10109460214859,0.260580586932858,-8.06312790557173,7.43666420678282e-16,9.8859924256563e-15,"DOWN","landfill"
"g__Sulfuritalea",435.131854741164,-2.05910993822087,0.257095457994725,-8.00912608212286,1.15526423954686e-15,1.47752215899941e-14,"DOWN","landfill"
"g__Thiobacillus",1438.86128776871,2.23599236698538,0.288230870408685,7.75764359943452,8.65218868852785e-15,9.36659367205188e-14,"UP","landfill"
"g__Thauera",14192.8264323798,-3.62177687396727,0.330205665202175,-10.9682457196783,5.43159855862994e-28,4.39959483249025e-26,"DOWN","landfill"
"g__Idiomarina",1062.28260065133,2.46953418653575,0.321675136125654,7.67710621429905,1.6272250867279e-14,1.69161795112248e-13,"UP","landfill"
"g__Ignatzschineria",59.0377619077011,2.03835546030642,0.351137984986547,5.80499845490802,6.43665975238672e-09,3.08959668114563e-08,"UP","landfill"
"g__Cellvibrio",871.821664248866,2.39025581605361,0.270014636171869,8.85231945179509,8.57189314197198e-19,1.64987725425678e-17,"UP","landfill"
"g__Rheinheimera",573.772168804277,2.83882330375235,0.316201895127939,8.97788200353363,2.76028886076715e-19,5.96222393925705e-18,"UP","landfill"
"g__Candidatus Moranella",8.58367864263225,-2.01312375582232,0.312752310304481,-6.43679899234778,1.22019348993848e-10,7.71142353641475e-10,"DOWN","landfill"
"g__Providencia",700.425903049143,2.43360895690184,0.2925695543992,8.31805264870886,8.94202934911884e-17,1.32696985150283e-15,"UP","landfill"
"g__Acinetobacter",21596.6596653995,3.07684335645502,0.373715184648383,8.23312373392034,1.82393626601043e-16,2.56937108777122e-15,"UP","landfill"
"g__Psychrobacter",19590.5748348382,5.96258509811927,0.42902785268376,13.8978974460997,6.5229487765857e-44,2.11343540361377e-41,"UP","landfill"
"g__Venatoribacter",193.03460977543,2.5505213320948,0.249341834897908,10.2290148507935,1.47007176641746e-24,6.49504434980804e-23,"UP","landfill"
"g__Azotobacter",737.059589682179,2.13344596948776,0.177480187034251,12.0207556975136,2.76431675862903e-33,3.58255451918322e-31,"UP","landfill"
"g__Denitrificimonas",13873.1544165431,6.93638395409719,0.491362367153774,14.1166365553722,2.99970329724943e-45,1.45785580246322e-42,"UP","landfill"
"g__Halopseudomonas",10531.4473063274,4.23532190260328,0.305018341878234,13.8854662854802,7.7593773265669e-44,2.15488993183515e-41,"UP","landfill"
"g__Syntrophus",99.1127123361397,-2.3279066048866,0.259714040998252,-8.96334520821024,3.1497460178218e-19,6.6555502811365e-18,"DOWN","landfill"
"g__Brevibacterium",1350.10984619537,2.06416274063516,0.225491776182345,9.15404887744538,5.48387423624099e-20,2.5382503607744e-18,"UP","compost"
"g__Saccharomonospora",16211.2501073954,5.79269716855502,0.310709483789136,18.6434514257899,1.42727734734382e-77,9.24875721078796e-75,"UP","compost"
"g__Nocardiopsis",1562.54044229515,2.94867030283132,0.287239232196717,10.2655555798586,1.00739414586839e-24,8.15989258153397e-23,"UP","compost"
"g__Thermobifida",25623.798108594,5.96982920546879,0.383048261896554,15.5850575483906,9.19804792492676e-55,2.2351256457572e-52,"UP","compost"
"g__Thermobispora",721.462260893301,2.46879067044207,0.313784399086977,7.86779291011774,3.60952424133296e-15,1.01694422103642e-13,"UP","compost"
"g__Actinomadura",3761.18259775676,2.16911489868635,0.296509870508999,7.31548968323643,2.56444483349236e-13,5.66509176853311e-12,"UP","compost"
"g__Arabiibacter",2397.66665222738,-6.99474853500042,0.365498180512578,-19.1375741602623,1.22858507996909e-81,1.19418469772995e-78,"DOWN","compost"
"g__Allobacillus",187.224731642246,3.29099738664703,0.388559202762886,8.46974505621302,2.45930705266055e-17,9.02055266107944e-16,"UP","compost"
"g__Caldalkalibacillus",348.781456901338,2.18884340898502,0.391060752795672,5.59719530363786,2.17847253670603e-08,2.20570344341486e-07,"UP","compost"
"g__Caldibacillus",746.444385877556,2.5213841767877,0.378986181375772,6.65297127097017,2.87234278735096e-11,4.69229779715149e-10,"UP","compost"
"g__Fervidibacillus",1096.36565957343,3.04119696352906,0.432780963003333,7.02710429410833,2.10863756102612e-12,4.09919141863478e-11,"UP","compost"
"g__Halalkalibacterium (ex Joshi et al. 2022)",786.242734938883,3.17598842621366,0.439893416914059,7.2199044225164,5.20241259313849e-13,1.08747205172701e-11,"UP","compost"
"g__Thermobacillus",426.089289278903,2.47070107046026,0.293665181413586,8.41332655974844,3.98543400624e-17,1.40866976511465e-15,"UP","compost"
"g__Planococcus",1117.350958332,2.04284444640457,0.25824000020323,7.91064298635721,2.56062882476593e-15,7.32038593433084e-14,"UP","compost"
"g__Solibacillus",493.670509465007,2.24055068488444,0.340627783508999,6.57770972703183,4.77749727733775e-11,7.5507761846704e-10,"UP","compost"
"g__Ureibacillus",2266.08542439577,4.06986217166502,0.392555167109291,10.3676183952304,3.48092025528453e-25,2.94213433751006e-23,"UP","compost"
"g__Jeotgalicoccus",174.178512155706,2.39859281349153,0.361985794908167,6.62620701483613,3.44422068254696e-11,5.57963750572607e-10,"UP","compost"
"g__Mammaliicoccus",511.429351858868,2.57786470978976,0.317570126789491,8.11746600932195,4.76018066889987e-16,1.4925469710228e-14,"UP","compost"
"g__Nosocomiicoccus",88.3963134297565,2.97774142990615,0.429626118879837,6.93100651717827,4.17856798516241e-12,7.88653996422885e-11,"UP","compost"
"g__Staphylococcus",28129.1289039435,-2.44523798285479,0.325831708572937,-7.50460412083384,6.16145202621302e-14,1.55730453896783e-12,"DOWN","compost"
"g__Kroppenstedtia",277.03613474868,3.12772329609069,0.30676293346339,10.1958970752376,2.06826176618424e-24,1.60828034938486e-22,"UP","compost"
"g__Novibacillus",17925.5388844189,6.62737465557874,0.436180683753916,15.1941039629297,3.86918050786727e-52,8.3574298969933e-50,"UP","compost"
"g__Polycladomyces",143.986438374434,2.74007033339626,0.298109493645617,9.19148967678825,3.87438131664114e-20,1.98205191567115e-18,"UP","compost"
"g__Thermoactinomyces",763.347783962369,3.67818568429289,0.365448888801655,10.0648429835265,7.90133109800169e-24,5.48578130518403e-22,"UP","compost"
"g__Globicatella",69.0586096482284,2.39312013933729,0.407765775340521,5.86885973286705,4.38802462150417e-09,4.90248268057708e-08,"UP","compost"
"g__Ignavigranum",13.9097891006525,2.02212278181744,0.410120942117771,4.93055236676201,8.19974316368332e-07,5.83893798908438e-06,"UP","compost"
"g__Carnobacterium",517.694008521008,-2.50565587131121,0.353219460058532,-7.09376507991944,1.30511604145068e-12,2.61561400472177e-11,"DOWN","compost"
"g__Desemzia",114.335386683271,3.8903883582818,0.394915011514301,9.85120404353358,6.77276920825784e-23,4.54009080719077e-21,"UP","compost"
"g__Tetragenococcus",106.052529644175,2.0370681736972,0.306079429797445,6.65535797373014,2.8261134619063e-11,4.6559021779202e-10,"UP","compost"
"g__Bombilactobacillus",27.1991076670205,2.13489766035972,0.336888085512331,6.33711238886059,2.34111225171866e-10,3.20501564601484e-09,"UP","compost"
"g__Companilactobacillus",104.762627251943,2.56966757056066,0.302589609580148,8.4922531679992,2.02668921642073e-17,7.57669968600364e-16,"UP","compost"
"g__Fructobacillus",4.88046892562362,2.1101548993638,0.351297443489105,6.00674709842927,1.89282413137805e-09,2.23009097660541e-08,"UP","compost"
"g__Lacticaseibacillus",148.80654390954,2.53149565295569,0.261808789813592,9.66925386560976,4.07336944719517e-22,2.55439684043465e-20,"UP","compost"
"g__Lactiplantibacillus",335.414506546265,3.79381202598155,0.294365553781426,12.8880977317018,5.2523418986458e-38,6.80703510064495e-36,"UP","compost"
"g__Lactobacillus",777.415310876536,3.37939159450045,0.275605599079787,12.2616942681274,1.45427060911347e-34,1.66300121418623e-32,"UP","compost"
"g__Lapidilactobacillus",14.3682816466692,2.72817786269159,0.421814308749603,6.46772242216917,9.94910367394117e-11,1.48777365708782e-09,"UP","compost"
"g__Latilactobacillus",79.3680038618209,2.66597138025406,0.319486532016412,8.34455012368754,7.14854826751023e-17,2.43803119860349e-15,"UP","compost"
"g__Lentilactobacillus",110.543941206111,2.82105499631025,0.30974158938474,9.10776948589273,8.40930067900429e-20,3.71538193636008e-18,"UP","compost"
"g__Levilactobacillus",112.485579772266,2.92594949291107,0.29024811728681,10.0808560629518,6.71386014013106e-24,4.83397930089437e-22,"UP","compost"
"g__Ligilactobacillus",548.362450282381,3.5941974557492,0.306999063864632,11.7075192689644,1.16642587506974e-31,1.19343784270293e-29,"UP","compost"
"g__Limosilactobacillus",896.16223398446,4.29888956083892,0.299892729568459,14.3347575215477,1.32709248153364e-46,2.34533434918308e-44,"UP","compost"
"g__Liquorilactobacillus",48.4083008994055,2.0816016969503,0.333472600166552,6.2421970977845,4.31466774114224e-10,5.6293383146178e-09,"UP","compost"
"g__Paucilactobacillus",28.2548730837215,2.34069673784404,0.318362486522142,7.3523007167531,1.94823877041432e-13,4.50878115438742e-12,"UP","compost"
"g__Pediococcus",90.0898036209281,2.57726433989756,0.309370868252414,8.3306626588861,8.03910980081823e-17,2.64881855132045e-15,"UP","compost"
"g__Weissella",178.781439212817,2.45381816598258,0.28186797732459,8.70555850037851,3.16014714756921e-18,1.27985959476553e-16,"UP","compost"
"g__Floricoccus",11.9530962500917,2.00682681370429,0.398582570784763,5.03490860062718,4.78076885721078e-07,3.65170750905596e-06,"UP","compost"
"g__Lactococcus",1390.65269641968,-3.30856536187351,0.33901088827662,-9.75946636608865,1.68037061711885e-22,1.08888015989302e-20,"DOWN","compost"
"g__Thermaerobacter",566.409791069752,2.5908095829602,0.287619550632376,9.00776590904165,2.10296670519642e-19,8.88732016283008e-18,"UP","compost"
"g__Thermoclostridium",81.5708854966167,2.1290226039258,0.334669689205297,6.36156387207148,1.9970982851663e-10,2.77311361883092e-09,"UP","compost"
"g__Romboutsia",262.332038128342,3.10210311836814,0.338051244803805,9.17642862154969,4.45625743521512e-20,2.16189918685356e-18,"UP","compost"
"g__Terrisporobacter",45.9114369769299,3.03305965839078,0.333870428215925,9.0845411934153,1.04136955224196e-19,4.49871646568526e-18,"UP","compost"
"g__Symbiobacterium",367.231163545327,2.17564905757512,0.300814056605111,7.23253787448892,4.74050372735288e-13,1.00168904847543e-11,"UP","compost"
"g__Turicibacter",178.567928040877,2.38318697107965,0.337373362624118,7.06394527577111,1.61840502100469e-12,3.21038710289094e-11,"UP","compost"
"g__Limnochorda",311.278409518558,2.60919952703321,0.280061389206847,9.3165271172247,1.2021061577051e-20,6.49137325160757e-19,"UP","compost"
"g__Bacteroides",68365.1633788985,-7.17465311772777,0.340461451344391,-21.0733200172794,1.3977899962767e-98,2.7173037527619e-95,"DOWN","compost"
"g__Alkaliflexus",212.708108544716,2.35454816574573,0.346787221674949,6.78960474487348,1.12441170383159e-11,1.98714213840782e-10,"UP","compost"
"g__Silvanigrella",12.6313482062478,-2.31231543319455,0.270030336506947,-8.56316909835448,1.09806702426633e-17,4.2692845903475e-16,"DOWN","compost"
"g__Anabaena",115.57767623648,-2.05129920622716,0.282126114414008,-7.27085902872844,3.57208569886578e-13,7.80239842538773e-12,"DOWN","compost"
"g__Thermus",6061.20544218946,5.43759755001389,0.375778345750947,14.470225896459,1.86857480744496e-47,3.632509425673e-45,"UP","compost"
"g__Candidatus Fonsibacter",6.5543452929077,2.02735312563517,0.268473670813333,7.5514039030098,4.30591198860927e-14,1.13117471700762e-12,"UP","compost"
"g__Bartonella",2540.6337987723,-2.85816064129763,0.309587797642989,-9.23214888654497,2.65256013619647e-20,1.39366943372052e-18,"DOWN","compost"
"g__Afipia",817.025155368293,-2.09219170807069,0.325265414402928,-6.43225998039544,1.25720462304166e-10,1.83759833623533e-09,"DOWN","compost"
"g__Xanthobacter",2669.60729199314,-2.03310509345887,0.263905482641161,-7.7039138145657,1.31960866580697e-14,3.66474178046965e-13,"DOWN","compost"
"g__Wolbachia",2647.17829403519,-4.42624451391781,0.329509099094652,-13.4328445741839,3.88207879796713e-41,5.39054370232007e-39,"DOWN","compost"
"g__Zymomonas",130.3742638525,-2.55003278967656,0.267873805990973,-9.51953021402356,1.73963701273543e-21,9.94663044928731e-20,"DOWN","compost"
"g__Achromobacter",9138.3302464888,-2.59624764869792,0.296750043318859,-8.74893772436032,2.15370470276349e-18,8.90808923866429e-17,"DOWN","compost"
"g__Alkalimarinus",112.064796887405,-2.44564741711383,0.232509697127146,-10.5184749166674,7.10137028783585e-26,6.27502901797859e-24,"DOWN","compost"
"g__Pseudoalteromonas",1659.20413366519,-2.40711070061425,0.254086259543684,-9.47359650591575,2.70370747940426e-21,1.50171638284625e-19,"DOWN","compost"
"g__Cellvibrio",1226.63346110175,3.80833778530487,0.298683004951867,12.7504334768514,3.10016604005694e-37,3.76670173866918e-35,"UP","compost"
"g__Gilvimarinus",46.4717497894205,2.65968210391752,0.261989651497129,10.1518593910824,3.25109289248899e-24,2.43081714730715e-22,"UP","compost"
"g__Marinimicrobium",99.8662028986625,2.25591096792464,0.278236672776901,8.10788508002862,5.15084174445703e-16,1.58940259543246e-14,"UP","compost"
"g__Buttiauxella",186.534282190787,-3.22120269634951,0.26360286013408,-12.2199079885213,2.43359987175203e-34,2.62828786149219e-32,"DOWN","compost"
"g__Candidatus Tachikawaea",4.42546287539021,-2.11632585949794,0.346573692722473,-6.1064238398286,1.01888220118742e-09,1.27787548329571e-08,"DOWN","compost"
"g__Escherichia",2877.74178342394,-4.20584293451772,0.255092505345403,-16.4875205911004,4.51083602626937e-61,1.75381304701353e-58,"DOWN","compost"
"g__Kluyvera",100.158879054412,-2.45235001688438,0.215549122335186,-11.3772210729343,5.43025915368589e-30,5.27821189738269e-28,"DOWN","compost"
"g__Lelliottia",125.930951726218,-2.63389660085135,0.276231422782703,-9.53510854890432,1.49728845167057e-21,8.82039015165935e-20,"DOWN","compost"
"g__Salmonella",6174.8609681328,-2.86873811111991,0.340587086261807,-8.42292097039386,3.67212184191227e-17,1.32196386308842e-15,"DOWN","compost"
"g__Shigella",55.3835986496449,-4.28876686631933,0.261070554511382,-16.4276161834725,1.21335814281754e-60,3.93128038272884e-58,"DOWN","compost"
"g__Psychrobacter",496.422734439336,2.73569123153068,0.314416997375566,8.70083759582166,3.29443451316389e-18,1.30701646807971e-16,"UP","compost"
"g__Candidatus Portiera",40.9564675207346,-4.02511363034871,0.291930897108901,-13.7878986781149,3.0141220449286e-43,4.50727173487785e-41,"DOWN","compost"
"g__Neptunomonas",204.929771619133,-2.30091373984801,0.273564222018696,-8.41087230950382,4.06972589175528e-17,1.41277627385219e-15,"DOWN","compost"
"g__Basfia",33.6831292614737,-2.18701013632001,0.272742124405385,-8.01860050437016,1.06956749624108e-15,3.15036244347373e-14,"DOWN","compost"
"g__Haemophilus",9423.18201458221,-6.12242069600454,0.368398952719628,-16.6189959303822,5.07758975778312e-62,2.4677086222826e-59,"DOWN","compost"
"g__Denitrificimonas",232.823881090181,2.29022013840042,0.422115869292682,5.42557223029314,5.77691621458862e-08,5.34777386721918e-07,"UP","compost"
"g__Pseudomonas",397928.501789722,-4.52830918412285,0.289535787525301,-15.6398945457723,3.89372323819513e-55,1.08134256786448e-52,"DOWN","compost"
"g__Thiopseudomonas",274.294238439112,-2.24221774109103,0.402898442603615,-5.56521818898417,2.61824596437176e-08,2.58369043387751e-07,"DOWN","compost"
"g__Allofrancisella",16.3718640548791,-2.06080645357292,0.256096284567331,-8.04699863980694,8.48491246350834e-16,2.57729216079066e-14,"DOWN","compost"
"g__Luteimonas",5166.04981937642,2.22729254716334,0.267212816034495,8.33527590561308,7.73176837244642e-17,2.59147546828204e-15,"UP","compost"
"g__Pseudoxanthomonas",5107.09394392476,2.25806396070609,0.30520215907808,7.39858449077489,1.37643803442919e-13,3.26316529137848e-12,"UP","compost"
"g__Rhodothermus",1193.34991493681,3.75641527753566,0.34731115764216,10.8157057292296,2.90051571401536e-27,2.68504883240279e-25,"UP","compost"
"g__Sphaerobacter",3933.97982299354,4.83983228676597,0.338364700260601,14.3035969267434,2.0778629604042e-46,3.3661379958548e-44,"UP","compost"
"g__Mycobacterium",468509.878243656,-3.6845735380928,0.672150361310394,-5.48176977977,4.21091978039221e-08,2.40765530973014e-06,"DOWN","sediment"
"g__Brooklawnia",56.8877993639826,2.68083724903703,0.251778052332375,10.6476208875348,1.78878265678989e-26,1.15913116159985e-23,"UP","sediment"
"g__Cutibacterium",1006.41329761946,-2.01920830021067,0.48254131421821,-4.18452936715294,2.85757505447061e-05,0.000377899721489174,"DOWN","sediment"
"g__Arabiibacter",174.976160971296,-2.03706472562432,0.473943380872298,-4.29811831505079,1.72254213460218e-05,0.000257160166930934,"DOWN","sediment"
"g__Amphibacillus",44.3681324984046,-2.44483814458442,0.501641996934547,-4.87367118288426,1.09543261098674e-06,2.9576680496642e-05,"DOWN","sediment"
"g__Staphylococcus",20340.383717039,-4.89002980749412,0.587376006024275,-8.32521205725251,8.41779131329984e-17,2.04552328913186e-14,"DOWN","sediment"
"g__Gemella",118.417107555283,-2.05198770349679,0.385109264534976,-5.3283259907408,9.91220984872507e-08,4.48124091765617e-06,"DOWN","sediment"
"g__Enterococcus",1223.10005991525,-2.56916609105767,0.424903490744885,-6.04646972081531,1.48054041576157e-09,1.19923773676688e-07,"DOWN","sediment"
"g__Pediococcus",161.823449616537,-2.47853537014454,0.458126530251076,-5.41015463301412,6.29703522190227e-08,3.30849634361568e-06,"DOWN","sediment"
"g__Clostridioides",272.299840519535,-2.2637173517177,0.455954142544643,-4.96479172024642,6.87748376602465e-07,2.05689668325414e-05,"DOWN","sediment"
"g__Thermincola",206.52562408984,-2.89273609337385,0.502325020049807,-5.75869402859333,8.47671926754389e-09,6.1032378726316e-07,"DOWN","sediment"
"g__Intestinibaculum",82.0355163791417,-3.37627094242627,0.566084803076911,-5.96424939174273,2.45761138398178e-09,1.91103861218423e-07,"DOWN","sediment"
"g__Bacteroides",4051.8760080149,-3.15323476327042,0.506976658845187,-6.21968429563008,4.98156189913079e-10,4.61150301519536e-08,"DOWN","sediment"
"g__Bdellovibrio",1231.85436868339,-3.26601004524455,0.501084020527613,-6.51788903945815,7.13037047322838e-11,8.66340012497248e-09,"DOWN","sediment"
"g__Crocosphaera",941.780110984614,-2.69859083783236,0.633090941107153,-4.26256428991552,2.02094329244928e-05,0.000288876011803044,"DOWN","sediment"
"g__Gloeothece",244.089151760293,-2.22290769061219,0.415294561314176,-5.35260486816375,8.66970278730383e-08,4.21347555462966e-06,"DOWN","sediment"
"g__Rippkaea",166.436407258525,-2.23388792016493,0.472233575091238,-4.73047245684159,2.23997917606244e-06,5.18395180745878e-05,"DOWN","sediment"
"g__Chondrocystis",149.671231034648,-2.30178661781925,0.458713871849512,-5.01791369103045,5.22356330018636e-07,1.69243450926038e-05,"DOWN","sediment"
"g__Sphaerospermopsis",184.323549791806,-2.0433551256327,0.366499959325614,-5.57532156181578,2.47073047644154e-08,1.52679878525201e-06,"DOWN","sediment"
"g__Anabaena",170.519217883704,-2.17151843749984,0.399380961043918,-5.43721070684951,5.41211224191201e-08,2.92254061063248e-06,"DOWN","sediment"
"g__Rivularia",211.735927628804,-2.97632272187266,0.453253994808043,-6.56656699326646,5.148848843477e-11,6.67290810114619e-09,"DOWN","sediment"
"g__Moorena",432.575206154327,-2.00849031517428,0.385388074739956,-5.21160473512194,1.87214099573165e-07,7.27888419140464e-06,"DOWN","sediment"
"g__Stanieria",362.762473538754,-2.5178991117651,0.484814776805788,-5.19352798682071,2.06345905845577e-07,7.71416232622694e-06,"DOWN","sediment"
"g__Pleurocapsa",105.133078641089,-2.01261345502566,0.421291820682966,-4.7772431274905,1.77714851818815e-06,4.31847089919721e-05,"DOWN","sediment"
"g__Cetobacterium",38.9869440753088,-2.12396956632307,0.431619495012944,-4.92093056700177,8.61336861826131e-07,2.46241008733823e-05,"DOWN","sediment"
"g__Haliovirga",67.7125528066025,-2.02071559330222,0.423986260793541,-4.76599309968255,1.8792569071532e-06,4.45521393598271e-05,"DOWN","sediment"
"g__Mariniplasma",50.5889838902979,-2.39758588416146,0.522366768986621,-4.58985147315692,4.43561519725509e-06,8.79881218720805e-05,"DOWN","sediment"
"g__Mycoplasmopsis",732.140960285864,-3.25759844415182,0.510702378093973,-6.378663158589,1.78640460297073e-10,2.04280620480888e-08,"DOWN","sediment"
"g__Metamycoplasma",92.6211262636933,-2.09135697714675,0.400210427569398,-5.22564339427187,1.73550559852355e-07,7.02879767402036e-06,"DOWN","sediment"
"g__Malacoplasma",44.0053507909541,-2.48361157429076,0.49882769907189,-4.97889667897699,6.39477671163856e-07,1.97324538530561e-05,"DOWN","sediment"
"g__Wolbachia",1616.39077729667,-4.05097935822442,0.569546952361293,-7.11263459742766,1.13848414473548e-12,1.84434431447148e-10,"DOWN","sediment"
"g__Candidatus Deianiraea",40.1018753571848,-2.24139561252403,0.524100416138247,-4.2766529915,1.89724186719209e-05,0.000275241655956822,"DOWN","sediment"
"g__Aurantiacibacter",338.654000849764,2.10078811436032,0.279628119419773,7.51279277176934,5.78791106870019e-14,1.02288173795938e-11,"UP","sediment"
"g__Croceicoccus",584.386037188249,2.1462286652215,0.342769216344631,6.2614393675995,3.81440128451708e-10,3.7075980485506e-08,"UP","sediment"
"g__Qipengyuania",2874.70531825764,4.07521250120349,0.37754710498202,10.7939180235472,3.67768671484463e-27,3.57471148682898e-24,"UP","sediment"
"g__Tsuneonella",339.353482898826,2.04989316626171,0.297913616795406,6.88083071969645,5.95045282533685e-12,8.26262878032488e-10,"UP","sediment"
"g__Alteromonas",968.837869155743,2.40820923673206,0.316572562279074,7.60713189859174,2.80245274799948e-14,5.44796814211099e-12,"UP","sediment"
"g__Idiomarina",555.918388836217,3.04873055734844,0.348653746301729,8.74429312659683,2.24416149097437e-18,7.27108323075695e-16,"UP","sediment"
"g__Psychromonas",335.847226086965,-2.53715467176571,0.500519630325555,-5.06904128838156,3.99824497951668e-07,1.36361197196148e-05,"DOWN","sediment"
"g__Escherichia",5680.30367352328,-3.37651913479884,0.550922359224,-6.12884751955761,8.8517907432898e-10,7.48168748041538e-08,"DOWN","sediment"
"g__Klebsiella",5694.56555671391,-2.51944160923193,0.483367427481492,-5.2122701406652,1.86543635275462e-07,7.27888419140464e-06,"DOWN","sediment"
"g__Salmonella",1195.62991682496,-2.44420335535693,0.455980243200094,-5.36032732077025,8.30712983639421e-08,4.14078471844881e-06,"DOWN","sediment"
"g__Yersinia",23562.7922052959,-5.15854266206438,0.665891902497198,-7.74681692737072,9.42246504330835e-15,2.0352524493546e-12,"DOWN","sediment"
"g__Halomonas",14349.0842866592,2.04385688252558,0.374882453880239,5.45199398203502,4.98081420678721e-08,2.76648651942695e-06,"UP","sediment"
"g__Haemophilus",1645.29445777127,-3.44478661385581,0.541585576380287,-6.36055826464066,2.01021784259143e-10,2.05677025578828e-08,"DOWN","sediment"
"g__Histophilus",127.121275372892,-3.02773370585872,0.531810079265759,-5.69326122972123,1.2463547041418e-08,8.35487429259196e-07,"DOWN","sediment"
"g__Marinobacter",2661.63033071679,2.17879487778891,0.248255174035336,8.77643290318204,1.68741366660649e-18,6.56066433576604e-16,"UP","sediment"
"g__Halopseudomonas",1159.93080690945,2.30327206182351,0.2683759836803,8.58225848020461,9.30283090884651e-18,2.58352904097109e-15,"UP","sediment"
"g__Stutzerimonas",1969.76535654104,2.77195040483597,0.286895015524088,9.66189809806313,4.37678223829117e-22,2.12711616780951e-19,"UP","sediment"
"g__Methylophaga",595.302473182358,3.43873013311861,0.310967957597889,11.0581493980329,2.00185164905252e-28,3.89159960575809e-25,"UP","sediment"
"g__Brachyspira",189.261172984995,-2.15983169837896,0.4044005110795,-5.34082336496941,9.25253759058069e-08,4.37305451853725e-06,"DOWN","sediment"
"g__Borrelia",247.056188713287,-2.2729688983507,0.430260766696916,-5.28277052960262,1.27244733784969e-07,5.26305877612725e-06,"DOWN","sediment"
"g__Borreliella",137.750555005969,-2.19413178055464,0.40814926118463,-5.37580730683254,7.62402951643233e-08,3.90029299472223e-06,"DOWN","sediment"
"g__Desulfobacula",677.08498089258,-2.24255661690418,0.514031347384257,-4.36268454894013,1.284761286736e-05,0.000201417414630225,"DOWN","sediment"
"g__Candidatus Koribacter",12.7401766099391,2.23829191865893,0.311311721299843,7.18987357531293,6.48513433094294e-13,9.33859343655783e-12,"UP","phyllosphere"
"g__Edaphobacter",111.142263551504,3.29963065247286,0.312584645652125,10.5559588366507,4.76746942733061e-26,2.57443349075853e-24,"UP","phyllosphere"
"g__Granulicella",94.8452804937077,2.01672172964495,0.248504662915684,8.11542812107801,4.84075168455919e-16,1.0573507050318e-14,"UP","phyllosphere"
"g__Luteitalea",160.206560072266,2.15269504027169,0.178413627908079,12.0657545363114,1.60187432715196e-33,1.48287794856353e-31,"UP","phyllosphere"
"g__Actinacidiphila",120.24105953811,2.24267574982844,0.255573149802763,8.77508357806449,1.70776984135631e-18,4.74272081656666e-17,"UP","phyllosphere"
"g__Mycobacterium",42370.200041386,-3.51367969379674,0.307449609970328,-11.4284734143453,3.01360233974849e-30,2.16979368461891e-28,"DOWN","phyllosphere"
"g__Kribbella",280.495716934568,2.00701534276309,0.197922759073929,10.1403969515877,3.6561086718069e-24,1.77686881449815e-22,"UP","phyllosphere"
"g__Arabiibacter",1002.57938021509,6.87565881327756,0.492762565654093,13.9532896622348,3.00422407812344e-44,9.73368601311994e-42,"UP","phyllosphere"
"g__Baekduia",357.905138601611,2.1400229484198,0.214798852315504,9.96291612059665,2.21469466110607e-23,1.00124800492795e-21,"UP","phyllosphere"
"g__Capillimicrobium",208.343091406566,2.57697627662751,0.233567093114364,11.0331307474282,2.64494142253207e-28,1.65863423400075e-26,"UP","phyllosphere"
"g__Conexibacter",512.429618982509,2.19228825128306,0.218468098962203,10.0348209267035,1.07153657506739e-23,5.08065146812442e-22,"UP","phyllosphere"
"g__Thermoleophilum",47.1483176292442,2.79545757302139,0.278785052765197,10.0272864175965,1.15651319950137e-23,5.35300395197777e-22,"UP","phyllosphere"
"g__Gottfriedia",23.1431850855706,2.97250963944123,0.496856754965089,5.98262901678794,2.19564469733286e-09,1.86139906437829e-08,"UP","phyllosphere"
"g__Neobacillus",405.564348077401,3.60715485060749,0.384515068038589,9.38104940596369,6.53193300353833e-21,2.30874141070518e-19,"UP","phyllosphere"
"g__Niallia",50.2361242679443,2.31218867382206,0.391350868275778,5.90822420813617,3.45815155360705e-09,2.84624527646849e-08,"UP","phyllosphere"
"g__Priestia",1770.25440482818,5.48499046358952,0.459866092294014,11.9273644121661,8.52293425880958e-33,7.20373226048948e-31,"UP","phyllosphere"
"g__Saccharibacillus",49.6086581982202,2.64066866770172,0.308444973163747,8.56123100537561,1.11668702237933e-17,2.93356698852082e-16,"UP","phyllosphere"
"g__Staphylococcus",73200.2681700146,-3.43844949968722,0.452660509539066,-7.59608896121404,3.05214744683067e-14,5.25077401472463e-13,"DOWN","phyllosphere"
"g__Bombilactobacillus",6.49572703669988,-2.15045696702718,0.604812422454112,-3.55557671633363,0.000377150870989552,0.00118411968464382,"DOWN","phyllosphere"
"g__Fructobacillus",1.37354702431736,-2.83675708467234,0.524209612036844,-5.41149383669248,6.25011460265757e-08,4.16103520122134e-07,"DOWN","phyllosphere"
"g__Leuconostoc",119.543613936803,3.67710977569747,0.44108377598666,8.33653372870527,7.6500002305133e-17,1.79175909013468e-15,"UP","phyllosphere"
"g__Clostridium",12342.1642366433,-2.39702992814268,0.412910374092093,-5.80520635601193,6.42867786578346e-09,5.12186466027994e-08,"DOWN","phyllosphere"
"g__Stomatobaculum",171.457705899034,-5.67786539014091,0.439878941278081,-12.9077908882015,4.06805012603247e-38,6.0832995730824e-36,"DOWN","phyllosphere"
"g__Acetivibrio",443.98024187839,-5.56794172285473,0.433350893861926,-12.8485756040203,8.76085364456965e-38,1.21650710607453e-35,"DOWN","phyllosphere"
"g__Dehalobacterium",5.45127550915007,-2.21768789110298,0.634187203457742,-3.49689788600528,0.000470701971113604,0.00143199472902167,"DOWN","phyllosphere"
"g__Romboutsia",30.1851085739303,-2.47052414970677,0.416595167448769,-5.93027558345497,3.0242666441175e-09,2.52325079663709e-08,"DOWN","phyllosphere"
"g__Alkalicella",5.92071624368524,-2.25524516405558,0.603484818125907,-3.73703711562975,0.000186201446721844,0.00062195122410183,"DOWN","phyllosphere"
"g__Halobacteroides",8.07637787103547,-2.51245632911685,0.591328841700409,-4.24883102588418,2.14888928178419e-05,8.83179865494389e-05,"DOWN","phyllosphere"
"g__Mahella",174.076081966861,-5.90747293286038,0.442304170804408,-13.3561320982269,1.09086951910387e-40,2.12065034513792e-38,"DOWN","phyllosphere"
"g__Pelosinus",33.5758560697932,-3.52337161464487,0.3942238563736,-8.93748959552012,3.98111176168953e-19,1.1726183734431e-17,"DOWN","phyllosphere"
"g__Megasphaera",426.759679431922,-5.29967745282983,0.363698230431981,-14.5716338694724,4.25589105841908e-48,2.06836305439167e-45,"DOWN","phyllosphere"
"g__Tissierella",69.1556455456237,-4.97376130142674,0.455061170841608,-10.9298740919338,8.29634560916472e-28,4.88730177703521e-26,"DOWN","phyllosphere"
"g__Bacteroides",1162.59525353118,3.45665271473965,0.330510431847861,10.4585283296922,1.33919480027725e-25,7.03620186956477e-24,"UP","phyllosphere"
"g__Niastella",35.7821849262764,2.4452246053886,0.359922534482758,6.7937524637145,1.09253783892884e-11,1.28720821750161e-10,"UP","phyllosphere"
"g__Candidatus Amoebophilus",6.21844266754665,-2.20829691009141,0.616594799847041,-3.5814394001364,0.000341706402797685,0.00108897909350607,"DOWN","phyllosphere"
"g__Hymenobacter",21989.0911370289,-3.42102404088408,0.40314394950688,-8.48586229575969,2.14124894503839e-17,5.33665121686491e-16,"DOWN","phyllosphere"
"g__Aequorivita",28.2915750190768,-2.15654941503248,0.374224501723749,-5.76271570968496,8.27711517305704e-09,6.48819028081568e-08,"DOWN","phyllosphere"
"g__Christiangramia",142.393202906275,-3.7488031430083,0.340144136692347,-11.0212193556022,3.01940873633091e-28,1.83429080732103e-26,"DOWN","phyllosphere"
"g__Salinimicrobium",89.6405140475442,-5.0579516325362,0.388923613397812,-13.0050001036133,1.14598756401017e-38,1.85649985369647e-36,"DOWN","phyllosphere"
"g__Mucilaginibacter",790.359591607159,-2.191123861829,0.305381428476848,-7.17503966353708,7.22862258988191e-13,1.02572571640368e-11,"DOWN","phyllosphere"
"g__Pedobacter",2173.40430003558,-4.05088874649705,0.348652996103677,-11.6186833090987,3.31201198047938e-31,2.57542051602077e-29,"DOWN","phyllosphere"
"g__Pseudobdellovibrio",4.50636483010988,-2.20536276610898,0.349822054207747,-6.30424165538543,2.89608340711621e-10,2.84342734516865e-09,"DOWN","phyllosphere"
"g__Fluviispira",10.93740475364,-2.0376455560671,0.753067375370597,-2.70579449158098,0.00681412004406231,0.0153317700991402,"DOWN","phyllosphere"
"g__Simkania",32.3632698844764,-4.37242303856375,0.511654345106751,-8.5456579825419,1.27805995811518e-17,3.31273141143456e-16,"DOWN","phyllosphere"
"g__Crocosphaera",374.408685558399,-5.95044965693977,0.451363281829638,-13.1832825054336,1.09519852402533e-39,1.93551448245932e-37,"DOWN","phyllosphere"
"g__Gloeothece",23.8193036935805,-2.39560101516091,0.345175464742004,-6.940241297137,3.91430773142034e-12,4.81608495562097e-11,"DOWN","phyllosphere"
"g__Microcystis",519.324939578209,-4.47015429991453,0.388762605683696,-11.4984163460195,1.34357949616434e-30,1.00458405405518e-28,"DOWN","phyllosphere"
"g__Cylindrospermopsis",57.6315404397168,-3.38206312699844,0.556708944708911,-6.07510110829427,1.23909623414475e-09,1.12037352519879e-08,"DOWN","phyllosphere"
"g__Nodularia",243.175745040971,-5.234021894572,0.415504016309723,-12.596802170669,2.19879803827559e-36,2.67153961650484e-34,"DOWN","phyllosphere"
"g__Sphaerospermopsis",209.727136362123,-4.75023196984269,0.420561189391607,-11.2949841537078,1.38929111861226e-29,9.31304115373185e-28,"DOWN","phyllosphere"
"g__Cylindrospermum",374.609352519672,-3.72894266578863,0.459751869777882,-8.11077215975255,5.02990921174364e-16,1.08646038973663e-14,"DOWN","phyllosphere"
"g__Halotia",30.8784906815642,-2.89049462628821,0.393699668844974,-7.34187721002731,2.10618585758857e-13,3.30195589286466e-12,"DOWN","phyllosphere"
"g__Arthrospira",758.373766532377,-2.04194369845055,0.508422339844361,-4.0162352013793,5.91352395456001e-05,0.000222357651212082,"DOWN","phyllosphere"
"g__Planktothrix",535.971442142181,-4.742841843881,0.397310671083992,-11.937363350803,7.55812477228301e-33,6.67863388969008e-31,"DOWN","phyllosphere"
"g__Oscillatoria",165.933256215522,2.31076612811149,0.547893062006761,4.21754953356751,2.46971578671544e-05,0.000100652567911422,"UP","phyllosphere"
"g__Koinonema",256.844145804791,-5.73563212302499,0.401075934091951,-14.3006140121836,2.16887472880083e-46,8.43258494557762e-44,"DOWN","phyllosphere"
"g__Pseudanabaena",618.908555088142,-5.03001437751872,0.415695879863117,-12.100226682966,1.05319945471328e-33,1.02370986998131e-31,"DOWN","phyllosphere"
"g__Acaryochloris",44.4187802757733,-3.03998101447592,0.335232051713255,-9.06828866434348,1.20900899152219e-19,3.85297291724447e-18,"DOWN","phyllosphere"
"g__Synechocystis",238.983276792197,-5.99676237166703,0.395979864636383,-15.1441093530695,8.28696730062701e-52,5.3699548108063e-49,"DOWN","phyllosphere"
"g__Mucispirillum",5.14033636235949,-2.34752838769632,0.641869109440335,-3.65733192822319,0.000254854262143972,0.000834068494289364,"DOWN","phyllosphere"
"g__Dictyoglomus",13.5224566708394,-2.44961024638521,0.435594741207479,-5.62359921884004,1.8701926501793e-08,1.3876543938735e-07,"DOWN","phyllosphere"
"g__Gemmatirosa",214.948401849707,3.09099295438222,0.201388061132584,15.3484418937191,3.62795643568521e-53,3.52637365548602e-50,"UP","phyllosphere"
"g__Lentisphaera",20.1183610066263,-3.34423214118014,0.437219558311383,-7.64886217372374,2.02765422378119e-14,3.64977760280613e-13,"DOWN","phyllosphere"
"g__Xianfuyuplasma",2.04322185279034,-2.07636378657079,0.598523306850362,-3.46914441393658,0.00052211871751022,0.00158346144592803,"DOWN","phyllosphere"
"g__Mesoplasma",20.076723747703,-2.05008887527182,0.480887993860558,-4.263131750938,2.01581581145023e-05,8.37338875525482e-05,"DOWN","phyllosphere"
"g__Candidatus Hepatoplasma",249.00249140629,-6.39781660089064,0.515805719120177,-12.4035394795613,2.50030236748793e-35,2.55820410652449e-33,"DOWN","phyllosphere"
"g__Mesomycoplasma",22.9136045796733,-2.9221615053988,0.417009102508456,-7.0074285856615,2.42737843168945e-12,3.12575974465138e-11,"DOWN","phyllosphere"
"g__Mycoplasma",386.036753951295,-2.85340814966729,0.39646687762925,-7.19709088115958,6.15107672842386e-13,8.92365161198208e-12,"DOWN","phyllosphere"
"g__Ureaplasma",15.5007867432015,-3.60724847126898,0.527285731128872,-6.84116458745466,7.85519421170719e-12,9.36840340341029e-11,"DOWN","phyllosphere"
"g__Mycoplasmoides",37.7094581693118,-4.13012879093929,0.623732320249924,-6.62163664901056,3.55243406274221e-11,3.89027996416847e-10,"DOWN","phyllosphere"
"g__Cystobacter",175.169964605959,2.1226136731077,0.29166869309113,7.27748203145169,3.40108286382173e-13,5.08592699020727e-12,"UP","phyllosphere"
"g__Humisphaera",37.3814824414756,2.3376305820077,0.214909002359378,10.8773041442845,1.47871668218491e-27,8.45478008872783e-26,"UP","phyllosphere"
"g__Frigoriglobus",73.2021833962763,2.39765954876378,0.192185782376799,12.4757384188958,1.01263077842027e-35,1.1382388792537e-33,"UP","phyllosphere"
"g__Gemmata",142.28662641517,2.39566761727216,0.176242860325284,13.5929910173415,4.40695975953678e-42,1.07089122156744e-39,"UP","phyllosphere"
"g__Limnoglobus",55.9475906326226,2.01182551652732,0.169224625724968,11.8884914527572,1.35837882452957e-32,1.10028684786895e-30,"UP","phyllosphere"
"g__Urbifossiella",136.043203220849,2.60466732555537,0.190891881131978,13.6447255384034,2.17029065066562e-42,6.02720717841995e-40,"UP","phyllosphere"
"g__Singulisphaera",44.4345957811813,2.17856583393669,0.22323487241216,9.75907487211225,1.68686939822394e-22,7.12885676118985e-21,"UP","phyllosphere"
"g__Tautonia",86.487489971652,2.21521841797679,0.175039457127269,12.6555375246972,1.04259524907465e-36,1.35120344280074e-34,"UP","phyllosphere"
"g__Lacipirellula",53.5557043422313,2.28153065071445,0.237868995181791,9.59154281107881,8.67775642736747e-22,3.24414586438507e-20,"UP","phyllosphere"
"g__Anatilimnocola",15.1388512784344,2.24599172942414,0.264437621277592,8.49346518310426,2.00565573661931e-17,5.06362954803629e-16,"UP","phyllosphere"
"g__Maioricimonas",17.7309245244745,2.27870349231733,0.255083455654338,8.93316850546821,4.13978418200464e-19,1.20115529101747e-17,"UP","phyllosphere"
"g__Candidatus Gromoviella",21.7784850281154,-3.85512886251408,0.497395712883176,-7.7506274434246,9.14395959092973e-15,1.75998588562053e-13,"DOWN","phyllosphere"
"g__Bartonella",372.793328043547,2.26680334657187,0.351681524102707,6.44561397518814,1.15133365578182e-10,1.18422890308987e-09,"UP","phyllosphere"
"g__Rhodoplanes",220.8084019056,2.79312012180738,0.290701273016815,9.60821427722409,7.38180455355784e-22,2.81377020629734e-20,"UP","phyllosphere"
"g__Afipia",233.576257959076,2.14237520200396,0.27047301382845,7.92084641524636,2.35899178599432e-15,4.8272421389189e-14,"UP","phyllosphere"
"g__Nitrobacter",126.272782852103,2.67534437648342,0.28891724081136,9.25989867884073,2.04626295662076e-20,6.85850894425992e-19,"UP","phyllosphere"
"g__Pseudolabrys",302.770585729881,2.53238697289711,0.287426547032152,8.81055351026373,1.24529427255756e-18,3.50848125485783e-17,"UP","phyllosphere"
"g__Xanthobacter",912.796590030355,2.65061562142546,0.280398283091709,9.45303798653623,3.29136441952753e-21,1.18489119102991e-19,"UP","phyllosphere"
"g__Enhydrobacter",267.174268782653,3.09771986360858,0.29702138291557,10.429282340555,1.82259632124266e-25,9.25715647967753e-24,"UP","phyllosphere"
"g__Nordella",95.8572226158524,2.3538753671176,0.253861527986133,9.27228078153763,1.82207266584897e-20,6.2142267761586e-19,"UP","phyllosphere"
"g__Pseudorhodoplanes",74.2788458445527,2.25999417606639,0.269570854307776,8.38367405063047,5.13007276943808e-17,1.23121746466514e-15,"UP","phyllosphere"
"g__Asaia",12.0372231729111,2.02887243249287,0.318185025855478,6.37639193434073,1.8130857791291e-10,1.83574935136822e-09,"UP","phyllosphere"
"g__Hypericibacter",177.084524953008,2.10630435062018,0.219841705876585,9.58100439687554,9.61057203206331e-22,3.52508528874171e-20,"UP","phyllosphere"
"g__Candidatus Neoehrlichia",14.8081038144364,-3.31639029938958,0.436295421040561,-7.60124938162316,2.93285304913104e-14,5.13645615091059e-13,"DOWN","phyllosphere"
"g__Candidatus Fokinia",221.030573446758,-7.88863183978388,0.488014776599454,-16.1647397129096,8.94147655330376e-59,1.73822304196225e-55,"DOWN","phyllosphere"
"g__Zymomonas",26.5371417645911,2.23999795675373,0.335235189123256,6.68187001075878,2.35912246084669e-11,2.63570923211837e-10,"UP","phyllosphere"
"g__Hydrogenophaga",7833.77857711743,-2.44734360425437,0.268587072428895,-9.11191883556598,8.09375904847994e-20,2.66682501529576e-18,"DOWN","phyllosphere"
"g__Xylophilus",543.844716424049,-2.6389154490901,0.362580662534178,-7.27814724217774,3.38435841812528e-13,5.08592699020727e-12,"DOWN","phyllosphere"
"g__Candidatus Baumannia",7.24331601182574,-2.39514910541633,0.469949470898028,-5.09660985645846,3.45789934296594e-07,2.03086293737939e-06,"DOWN","phyllosphere"
"g__Candidatus Pseudothioglobus",230.341952375898,-6.36630985981288,0.476152893527456,-13.3703059381824,9.0169213892774e-41,1.94765502008392e-38,"DOWN","phyllosphere"
"g__Pseudoalteromonas",4371.76793727861,-3.01853717773225,0.402958813852908,-7.49093225898294,6.83861087313176e-14,1.11716466700573e-12,"DOWN","phyllosphere"
"g__Acidihalobacter",109.110839388293,2.70412685724203,0.279467717424393,9.67599006484032,3.81382091684577e-22,1.54459747132254e-20,"UP","phyllosphere"
"g__Atlantibacter",27.666603928629,2.28426776333518,0.394465457527164,5.7907928812192,7.00549225482557e-09,5.53604753795972e-08,"UP","phyllosphere"
"g__Candidatus Hamiltonella",51.5711997600418,3.58659665577508,0.575806900565581,6.22881846718437,4.6996595747693e-10,4.52284069967897e-09,"UP","phyllosphere"
"g__Candidatus Profftia",17.4317708368074,-3.27203402466546,0.466940026726428,-7.00739674772514,2.42793066585575e-12,3.12575974465138e-11,"DOWN","phyllosphere"
"g__Candidatus Schneideria",13.41897465656,-3.89950992178913,0.531912779495744,-7.33110779080339,2.28257975983571e-13,3.54986804249649e-12,"DOWN","phyllosphere"
"g__Cronobacter",226.830849080544,3.00173576008514,0.334126469796059,8.98383106826978,2.61499114702768e-19,8.0691155393997e-18,"UP","phyllosphere"
"g__Enterobacter",10249.5037523854,4.05188693780784,0.414865768966933,9.76674201850284,1.56400693605938e-22,6.75650996377651e-21,"UP","phyllosphere"
"g__Leclercia",994.89325442498,4.43359703458437,0.42518321708853,10.427497738372,1.85714559005876e-25,9.25715647967753e-24,"UP","phyllosphere"
"g__Pseudescherichia",70.716254446233,4.68701080822923,0.413872943823896,11.3247577020245,9.89521042638071e-30,6.87010323888718e-28,"UP","phyllosphere"
"g__Salmonella",1797.41483809636,3.00003335401763,0.430073569536147,6.9756282797227,3.04506883678746e-12,3.88528644108352e-11,"UP","phyllosphere"
"g__Siccibacter",111.451481888777,5.0309627094535,0.467272770330388,10.7666507207264,4.94670067957639e-27,2.74753889174186e-25,"UP","phyllosphere"
"g__Yokenella",9.82045815074105,2.24956934974147,0.397601283038865,5.65785234028426,1.53278917849921e-08,1.15493882286917e-07,"UP","phyllosphere"
"g__Buchnera",321.476926568505,-3.4870846963233,0.419691694086929,-8.30868169528519,9.67711160738637e-17,2.23956011485227e-15,"DOWN","phyllosphere"
"g__Kalamiella",38.282674909812,3.11822586116952,0.39662068188758,7.86198502390092,3.78093247249867e-15,7.57745641911074e-14,"UP","phyllosphere"
"g__Pantoea",14058.2332243991,2.01388773259067,0.435215978084428,4.62732949616109,3.70410956829092e-06,1.79546193460157e-05,"UP","phyllosphere"
"g__Yersinia",615.712724494715,-2.85047481866522,0.405788454182669,-7.0245340627214,2.14781775799907e-12,2.8403794024151e-11,"DOWN","phyllosphere"
"g__Neptunomonas",26.3294234008206,2.56715608112842,0.358744504256216,7.15594538918694,8.30982221296672e-13,1.17060104217444e-11,"UP","phyllosphere"
"g__Zophobihabitans",5.18386219879653,-2.10124033026568,0.543938118017803,-3.86301356838703,0.000111996784566245,0.000396578778136211,"DOWN","phyllosphere"
"g__Haemophilus",2275.29687714545,3.64888841992551,0.511368059090983,7.13554230667406,9.6406300613624e-13,1.32917622973677e-11,"UP","phyllosphere"
"g__Photobacterium",16134.1833776099,-2.07984671291831,0.44112036982607,-4.71491877316472,2.41807192938926e-06,1.20531585403403e-05,"DOWN","phyllosphere"
"g__Borreliella",25.872806161914,-2.82180578544378,0.394550221569737,-7.15195590111974,8.55500552304343e-13,1.1964698371796e-11,"DOWN","phyllosphere"
"g__Candidatus Desulfofervidus",4.10895889337917,-2.33561305548215,0.47123651607568,-4.95634989183871,7.18298137610904e-07,4.07105416768396e-06,"DOWN","phyllosphere"
"g__Thermosulfurimonas",23.3127084017252,-3.58583683934203,0.372227521792263,-9.63345435092049,5.77546011032884e-22,2.24549889089585e-20,"DOWN","phyllosphere"
"g__Methylacidiphilum",19.3252032852767,-2.20578523581332,0.492337095976938,-4.48023367289928,7.45613642150104e-06,3.43476995341185e-05,"DOWN","phyllosphere"
