Run,Env,MHET_Abundance
SRR21120503,wetland,16.64630183
ERR2767289,wetland,14.23835044
ERR2767290,wetland,13.73192951
SRR17651689,wetland,10.08373783
ERR2767288,wetland,8.454019482
SRR10968156,wetland,7.605594703
SRR12418379,wetland,6.738908192
SRR10968278,wetland,6.700232657
SRR10968277,wetland,6.026906526
SRR10968155,wetland,5.89078655
SRR14454006,wetland,5.74212381
SRR20746686,wetland,5.66751415
SRR10968276,wetland,5.581976113
SRR23315097,wetland,5.366124388
SRR5246785,wetland,5.229950795
SRR5246787,wetland,5.229950795
SRR5817586,wetland,5.092859976
SRR20746698,wetland,5.011117381
SRR14454024,wetland,4.658898388
SRR10968271,wetland,4.638966855
SRR20746692,wetland,4.626697304
SRR10968158,wetland,4.535901107
SRR10968272,wetland,4.522831581
SRR5817585,wetland,4.298051661
SRR9691025,wetland,4.29138832
SRR17401461,wetland,4.240549808
SRR10968151,wetland,4.200691745
SRR20746678,wetland,4.006588482
SRR19666934,wetland,3.922910888
SRR9691040,wetland,3.866692516
SRR10968281,wetland,3.862889898
SRR14454025,wetland,3.842356546
SRR6047969,wetland,3.789434332
SRR20746694,wetland,3.776316236
SRR14454012,wetland,3.772857832
SRR10968219,wetland,3.648774509
SRR5494301,wetland,3.535561797
SRR10968224,wetland,3.471194449
SRR10968279,wetland,3.419820997
SRR19666935,wetland,3.388716881
SRR9691034,wetland,3.383707315
SRR10968273,wetland,3.293984184
SRR14454017,wetland,3.290801322
SRR11837302,wetland,3.271508715
SRR14454003,wetland,3.267938435
SRR18694247,wetland,3.240949276
SRR7500465,wetland,3.229890172
SRR14454002,wetland,3.171482506
SRR23315095,wetland,3.144820398
SRR18694248,wetland,3.12034939
SRR10968280,wetland,3.104335739
SRR18694237,wetland,3.087812273
SRR5246791,wetland,3.044915879
SRR17401462,wetland,3.038522485
SRR5817587,wetland,3.02264132
SRR9691039,wetland,3.007725573
SRR18694240,wetland,3.003824102
SRR18694236,wetland,2.998115187
SRR9691060,wetland,2.958729676
SRR18694249,wetland,2.955537841
SRR15495778,wetland,2.904444425
SRR9691031,wetland,2.81637573
SRR18694243,wetland,2.81248816
SRR7500322,wetland,2.7920434
SRR10968153,wetland,2.778589574
SRR14454020,wetland,2.749199489
SRR14454011,wetland,2.745165144
SRR19666933,wetland,2.724328173
SRR11734634,wetland,2.718105818
SRR23315093,wetland,2.714249478
SRR18694233,wetland,2.666755794
SRR10968222,wetland,2.650793165
SRR17401464,wetland,2.625835265
SRR15400728,wetland,2.613819952
SRR19666937,wetland,2.57226739
SRR14454016,wetland,2.56868668
SRR20746690,wetland,2.536400793
SRR23315099,wetland,2.498813542
SRR18694235,wetland,2.484768498
SRR11837712,wetland,2.466353486
SRR18694234,wetland,2.463562894
SRR11734633,wetland,2.456556879
SRR14454007,wetland,2.448713167
SRR9691057,wetland,2.447402243
SRR11837213,wetland,2.411254273
SRR19666938,wetland,2.410188844
SRR11837737,wetland,2.408118269
SRR18694239,wetland,2.400170653
SRR23315096,wetland,2.397502573
SRR18694246,wetland,2.39052168
SRR19666940,wetland,2.381527228
SRR14454021,wetland,2.378288517
SRR10968211,wetland,2.351879548
SRR11837216,wetland,2.34614811
SRR18694244,wetland,2.32776754
SRR9691053,wetland,2.326352235
SRR18694245,wetland,2.299960776
SRR23315092,wetland,2.28660451
SRR19666939,wetland,2.25836777
SRR15677222,wetland,2.250506758
SRR20746688,wetland,2.250247803
SRR20746680,wetland,2.248775917
SRR10968223,wetland,2.206469335
SRR15400731,wetland,2.204595583
SRR18694250,wetland,2.201584608
SRR11734659,wetland,2.198952516
SRR7498056,wetland,2.184721882
SRR15400729,wetland,2.175881456
SRR7497675,wetland,2.170667866
SRR7497722,wetland,2.165748237
SRR23315084,wetland,2.160840852
SRR20746689,wetland,2.1226129
SRR10968148,wetland,2.120433781
SRR18354918,wetland,2.120193011
SRR7499366,wetland,2.100347075
SRR18694238,wetland,2.096644374
SRR5817588,wetland,2.086485527
SRR15400730,wetland,2.085437677
SRR10968274,wetland,2.078064517
SRR18694241,wetland,2.064155543
SRR5476650,wetland,2.062933123
SRR19666936,wetland,2.061565189
SRR11734618,wetland,2.054269501
SRR20746682,wetland,2.014992346
SRR11837389,wetland,2.00876219
SRR8191144,wetland,1.966966927
SRR11837428,wetland,1.962435745
SRR16547335,wetland,1.961953521
SRR10968147,wetland,1.933082291
SRR23315100,wetland,1.932989691
SRR5246790,wetland,1.926452906
SRR9691028,wetland,1.909506457
SRR9691042,wetland,1.905899129
SRR9691037,wetland,1.905421714
SRR8191145,wetland,1.901548843
SRR9691027,wetland,1.893311811
SRR23315101,wetland,1.888456838
SRR20746676,wetland,1.883395077
SRR9691052,wetland,1.878547103
SRR21120501,wetland,1.876889438
SRR12172649,wetland,1.862226071
SRR9691041,wetland,1.859124634
SRR9691059,wetland,1.839805486
SRR17401463,wetland,1.829979658
SRR9691026,wetland,1.820926827
SRR11837300,wetland,1.817838157
SRR11734617,wetland,1.812268527
SRR23315088,wetland,1.811501176
SRR9656207,wetland,1.810593765
SRR10968275,wetland,1.796107159
SRR5476986,wetland,1.769334123
SRR11837391,wetland,1.752989238
SRR9691029,wetland,1.743724552
SRR7497946,wetland,1.717866614
SRR11734648,wetland,1.71408243
SRR5198903,wetland,1.708144111
SRR7497678,wetland,1.70583956
SRR10968149,wetland,1.694311328
SRR11734660,wetland,1.693274957
SRR14454005,wetland,1.685353807
SRR9691038,wetland,1.669818719
SRR5494540,wetland,1.643765306
SRR11837452,wetland,1.638944926
SRR11837467,wetland,1.636549404
SRR5210316,wetland,1.633458498
SRR15532679,wetland,1.631845366
SRR23315098,wetland,1.625530635
SRR5476985,wetland,1.615085131
SRR9691035,wetland,1.614452803
SRR13961592,wetland,1.595841461
SRR11837214,wetland,1.593896957
SRR20746679,wetland,1.585150794
SRR11837301,wetland,1.580264497
SRR11668386,wetland,1.575223767
SRR11837471,wetland,1.572064431
SRR9691056,wetland,1.569580253
SRR11837470,wetland,1.553357942
SRR23315086,wetland,1.545284715
SRR7497679,wetland,1.542866768
SRR7497948,wetland,1.539822388
SRR18694242,wetland,1.538578103
SRR11837390,wetland,1.517566304
SRR11734649,wetland,1.504126385
SRR11837387,wetland,1.502601429
SRR9691018,wetland,1.497974788
SRR11837370,wetland,1.489459637
SRR17401454,wetland,1.48545265
SRR19666941,wetland,1.481600851
SRR11837429,wetland,1.479962852
SRR14454010,wetland,1.451030465
SRR5494549,wetland,1.450712952
SRR12172648,wetland,1.448368969
SRR11837453,wetland,1.444320529
SRR20746677,wetland,1.440501044
SRR7497680,wetland,1.430963344
SRR7498049,wetland,1.429458997
SRR5817589,wetland,1.428462642
SRR9691023,wetland,1.374425829
SRR17541634,wetland,1.367921182
SRR20746687,wetland,1.353623436
SRR15400735,wetland,1.352145848
SRR11837469,wetland,1.33764235
SRR12418382,wetland,1.325958071
SRR15677236,wetland,1.313993734
SRR10968221,wetland,1.305698688
SRR9691021,wetland,1.303765955
SRR11837388,wetland,1.300084337
SRR7499979,wetland,1.284270534
SRR20746684,wetland,1.276761256
SRR22215819,wetland,1.276197193
SRR5494512,wetland,1.274397193
SRR10968218,wetland,1.260160703
SRR23315089,wetland,1.250653238
SRR15400732,wetland,1.245557349
SRR5210212,wetland,1.245272002
SRR9691046,wetland,1.207490281
SRR23315094,wetland,1.204552377
SRR9691019,wetland,1.18168509
SRR16547336,wetland,1.163698535
SRR15677241,wetland,1.144115975
SRR20746685,wetland,1.125960454
SRR5817590,wetland,1.110290822
SRR10968168,wetland,1.099781138
SRR15677218,wetland,1.093294461
SRR7497727,wetland,1.069236822
SRR9691024,wetland,1.066182471
SRR14454013,wetland,1.054071326
SRR7497677,wetland,1.041632653
SRR15400734,wetland,1.039307636
SRR20746695,wetland,1.034846115
SRR12418380,wetland,1.031493449
SRR22215818,wetland,1.027060107
SRR16547338,wetland,1.024636823
SRR23315091,wetland,0.999660325
SRR23315087,wetland,0.966325529
SRR15677213,wetland,0.961254464
SRR7499317,wetland,0.959081217
SRR23274337,wetland,0.954708394
SRR20746696,wetland,0.95211277
SRR11341399,wetland,0.949969544
SRR15677239,wetland,0.924734641
SRR9691020,wetland,0.92273163
SRR7499255,wetland,0.921964242
SRR16547334,wetland,0.912067353
SRR9656206,wetland,0.908756192
SRR17401453,wetland,0.908639619
SRR15677214,wetland,0.908072844
SRR10968270,wetland,0.895371283
SRR18354917,wetland,0.88507383
SRR13961593,wetland,0.875520359
SRR15677219,wetland,0.873216272
SRR5198901,wetland,0.869558214
SRR9691049,wetland,0.860079277
SRR15532677,wetland,0.838777036
SRR9691050,wetland,0.821428325
SRR5468417,wetland,0.818745019
SRR15677237,wetland,0.81599224
SRR7497733,wetland,0.813573691
SRR10968283,wetland,0.81224518
SRR15532675,wetland,0.805870054
SRR15677232,wetland,0.793523953
SRR5468418,wetland,0.78556881
SRR15400733,wetland,0.783510858
SRR9691032,wetland,0.782386861
SRR15677216,wetland,0.78125
SRR15532676,wetland,0.774270457
SRR14454015,wetland,0.770169068
SRR20746683,wetland,0.769891578
SRR15400736,wetland,0.747591844
SRR11837468,wetland,0.740600495
SRR15677226,wetland,0.739076583
SRR7499980,wetland,0.73721809
SRR15677215,wetland,0.73269774
SRR15532678,wetland,0.730121445
SRR5198902,wetland,0.729531576
SRR11070432,wetland,0.728403051
SRR22215820,wetland,0.721973394
SRR15677220,wetland,0.703729768
SRR15677228,wetland,0.701783937
SRR9691022,wetland,0.691312146
SRR5198900,wetland,0.676981218
SRR15677225,wetland,0.668215217
SRR21120502,wetland,0.664019568
SRR10968141,wetland,0.661873142
SRR5210470,wetland,0.661575918
SRR23315090,wetland,0.661469655
SRR14454019,wetland,0.658918276
SRR23315085,wetland,0.653031051
SRR15677230,wetland,0.639613545
SRR15677233,wetland,0.638119894
SRR20746697,wetland,0.613887853
SRR9691047,wetland,0.603831999
SRR15677227,wetland,0.601726487
SRR9691036,wetland,0.601537297
SRR14454023,wetland,0.570122329
SRR9691044,wetland,0.556735179
SRR15677238,wetland,0.553350586
SRR16547339,wetland,0.536161938
SRR7497728,wetland,0.53578316
SRR16547337,wetland,0.521811605
SRR7497947,wetland,0.503829101
SRR10968282,wetland,0.498158649
SRR15677229,wetland,0.490856127
SRR12418381,wetland,0.479851031
SRR9691051,wetland,0.473654502
SRR15677224,wetland,0.472353733
SRR23272968,wetland,0.4573451
SRR5494513,wetland,0.454000227
SRR5124967,wetland,0.442133236
SRR7498026,wetland,0.441831761
SRR20746681,wetland,0.434241175
SRR10968150,wetland,0.42722819
SRR7498050,wetland,0.427104036
SRR15677240,wetland,0.406751277
SRR15677217,wetland,0.405764656
SRR5124966,wetland,0.394911486
SRR9691054,wetland,0.387925341
SRR9691055,wetland,0.383527004
SRR17651685,wetland,0.379464286
SRR5124969,wetland,0.375691163
SRR15677221,wetland,0.372467223
SRR9691045,wetland,0.366175571
SRR20746691,wetland,0.365307319
SRR11668400,wetland,0.362962865
SRR5124971,wetland,0.351208249
SRR17541633,wetland,0.343749144
SRR5210214,wetland,0.33529332
SRR5124970,wetland,0.327525078
SRR20746693,wetland,0.311976159
SRR15677231,wetland,0.294362452
SRR15677223,wetland,0.277044097
SRR9691058,wetland,0.261882938
SRR14626156,wetland,0.240497419
SRR10375808,wetland,0.234629126
SRR5210468,wetland,0.227289163
SRR13961594,wetland,0.22708982
SRR15677235,wetland,0.220993248
SRR6056278,wetland,0.205
SRR5210466,wetland,0.194644892
SRR21120497,wetland,0.188977364
SRR9691043,wetland,0.184633181
SRR15677234,wetland,0.161175581
SRR9691030,wetland,0.133693432
SRR9691048,wetland,0.118398178
SRR21120499,wetland,0.114009486
SRR21120496,wetland,0.113641017
SRR21120495,wetland,0.103372791
SRR6056279,wetland,0.075722009
SRR22870106,volcano,4.494090519
SRR22870120,volcano,3.289142051
SRR11271802,volcano,2.31126597
SRR22870112,volcano,2.209346153
SRR22870114,volcano,2.148870182
SRR11582169,volcano,2.12007943
SRR11271808,volcano,1.964692483
SRR11271801,volcano,1.956833327
SRR11582142,volcano,1.848286484
SRR11271803,volcano,1.792631689
SRR22870123,volcano,1.153748088
SRR22870124,volcano,1.147603348
SRR22870115,volcano,0.930315386
SRR16768025,volcano,0.897859144
SRR15714818,volcano,0.748112677
SRR11271809,volcano,0.696227929
SRR1971619,volcano,0.613356138
SRR11271805,volcano,0.585132185
SRR22870125,volcano,0.552878268
SRR11271804,volcano,0.548529924
SRR11582168,volcano,0.51688005
SRR16768029,volcano,0.510406063
SRR15714819,volcano,0.476695658
SRR22541067,volcano,0.438230199
SRR11582156,volcano,0.410530191
SRR11582165,volcano,0.395386847
SRR16768026,volcano,0.322296936
SRR22541073,volcano,0.223084736
SRR22541063,volcano,0.218446602
SRR1572169,volcano,0.190682439
SRR22870109,volcano,0.176773218
SRR14209495,volcano,0.12556643
SRR22541071,volcano,0.122632626
SRR22870119,volcano,0.120853476
SRR22870116,volcano,0.089564774
SRR22541070,volcano,0.088273555
SRR11917416,volcano,0.076043645
SRR22541068,volcano,0.064918251
SRR1971623,volcano,0.062446692
SRR14209496,volcano,0.058216265
SRR17012560,rhizosphere,24.83145818
SRR17012564,rhizosphere,20.54544468
SRR17036900,rhizosphere,11.64581901
SRR14458752,rhizosphere,11.38958266
SRR17012561,rhizosphere,10.0572537
SRR23651776,rhizosphere,8.959154837
SRR17036899,rhizosphere,8.829343829
SRR17012565,rhizosphere,8.19110893
SRR23026118,rhizosphere,7.585677848
SRR17710021,rhizosphere,7.017651083
SRR14458722,rhizosphere,6.751011283
SRR14458745,rhizosphere,6.743969055
SRR19161325,rhizosphere,6.522113765
SRR19161324,rhizosphere,6.265605434
SRR23026120,rhizosphere,6.156416409
SRR19161317,rhizosphere,6.145126208
SRR5278471,rhizosphere,5.795178278
SRR17710033,rhizosphere,5.774127486
SRR23026122,rhizosphere,5.567134601
SRR17710022,rhizosphere,5.540562881
SRR23026119,rhizosphere,5.532165327
SRR14458751,rhizosphere,5.432389708
SRR15646758,rhizosphere,5.372078423
SRR16915475,rhizosphere,5.127023125
SRR17710028,rhizosphere,4.869770208
SRR17710026,rhizosphere,4.622017821
SRR16915453,rhizosphere,4.607555741
SRR19161327,rhizosphere,4.595512312
SRR23651777,rhizosphere,4.575633498
SRR17710019,rhizosphere,4.553323044
SRR17710030,rhizosphere,4.515546812
SRR17710029,rhizosphere,4.452575845
SRR17710027,rhizosphere,4.449000029
SRR15646757,rhizosphere,4.335082752
SRR16915471,rhizosphere,4.194298627
SRR23425233,rhizosphere,4.178630114
SRR16915476,rhizosphere,4.085453053
SRR17710032,rhizosphere,4.047152864
SRR14458741,rhizosphere,3.970925593
SRR23651772,rhizosphere,3.9562984
SRR14458747,rhizosphere,3.927289048
SRR16915458,rhizosphere,3.917819104
SRR17710024,rhizosphere,3.886551501
SRR16915451,rhizosphere,3.878313521
SRR17710034,rhizosphere,3.867953077
SRR23026124,rhizosphere,3.840415618
SRR16915474,rhizosphere,3.826143138
SRR23026126,rhizosphere,3.824374122
SRR5278468,rhizosphere,3.775012651
SRR15947154,rhizosphere,3.752144082
SRR14458742,rhizosphere,3.705533597
SRR15646755,rhizosphere,3.687940091
SRR16915459,rhizosphere,3.67514756
SRR20079029,rhizosphere,3.675036568
SRR16915472,rhizosphere,3.639067566
SRR14458743,rhizosphere,3.621372773
SRR16915473,rhizosphere,3.568819351
SRR23026121,rhizosphere,3.553234075
SRR14458749,rhizosphere,3.551347236
SRR16915461,rhizosphere,3.508281307
SRR23026127,rhizosphere,3.496321586
SRR15947149,rhizosphere,3.429325956
SRR16915464,rhizosphere,3.419827282
SRR16915478,rhizosphere,3.30382252
SRR17710020,rhizosphere,3.285271658
SRR23651779,rhizosphere,3.280189155
SRR16798124,rhizosphere,3.279419937
SRR17710025,rhizosphere,3.259039973
SRR14458714,rhizosphere,3.25316401
SRR15646752,rhizosphere,3.22997416
SRR16915463,rhizosphere,3.219879411
SRR17710023,rhizosphere,3.219315895
SRR14458748,rhizosphere,3.168630017
SRR15646759,rhizosphere,3.130236041
SRR17036904,rhizosphere,3.127691645
SRR16915467,rhizosphere,3.070750054
SRR16915465,rhizosphere,3.040943921
SRR23651778,rhizosphere,3.037273143
SRR23026125,rhizosphere,3.022102387
SRR19161322,rhizosphere,2.991155956
SRR16915470,rhizosphere,2.98886709
SRR16915468,rhizosphere,2.981695831
SRR5278467,rhizosphere,2.903127586
SRR20079030,rhizosphere,2.873929583
SRR17036897,rhizosphere,2.867201397
SRR23651774,rhizosphere,2.834817916
SRR14458711,rhizosphere,2.792880511
SRR19161316,rhizosphere,2.730883153
SRR15646751,rhizosphere,2.729788999
SRR15947147,rhizosphere,2.696444113
SRR20079032,rhizosphere,2.692202835
SRR22703643,rhizosphere,2.681598834
SRR16915466,rhizosphere,2.654710551
SRR14458710,rhizosphere,2.648721989
SRR17036902,rhizosphere,2.618750835
SRR22703644,rhizosphere,2.581469501
SRR16915480,rhizosphere,2.554755477
SRR16915462,rhizosphere,2.527833638
SRR19161323,rhizosphere,2.506381901
SRR15646753,rhizosphere,2.492522433
SRR16915452,rhizosphere,2.46028934
SRR16915479,rhizosphere,2.456461303
SRR20079014,rhizosphere,2.451544352
SRR20079013,rhizosphere,2.446781226
SRR16915477,rhizosphere,2.419594773
SRR19161315,rhizosphere,2.37834461
SRR16915457,rhizosphere,2.347361563
SRR15947157,rhizosphere,2.331282446
SRR19161333,rhizosphere,2.319587673
SRR20079012,rhizosphere,2.314744787
SRR14458750,rhizosphere,2.303624966
SRR16915456,rhizosphere,2.293559565
SRR17036901,rhizosphere,2.288329301
SRR16915469,rhizosphere,2.281477927
SRR15646754,rhizosphere,2.273808308
SRR16915460,rhizosphere,2.269229138
SRR19161335,rhizosphere,2.263733523
SRR23651775,rhizosphere,2.256804836
SRR19161319,rhizosphere,2.203506896
SRR15947158,rhizosphere,2.153661793
SRR16915455,rhizosphere,2.112848515
SRR15947148,rhizosphere,2.094605973
SRR16915454,rhizosphere,2.085646937
SRR15646756,rhizosphere,2.034176374
SRR19161320,rhizosphere,2.021438398
SRR22703657,rhizosphere,2.020973679
SRR17710031,rhizosphere,2.017333331
SRR22703651,rhizosphere,1.973873098
SRR17036903,rhizosphere,1.965994435
SRR5278472,rhizosphere,1.964946085
SRR19161332,rhizosphere,1.902343585
SRR20079015,rhizosphere,1.850055011
SRR16798125,rhizosphere,1.848322765
SRR20079020,rhizosphere,1.845491542
SRR22703645,rhizosphere,1.840798768
SRR19161326,rhizosphere,1.824698232
SRR22703646,rhizosphere,1.794903247
SRR20079033,rhizosphere,1.753186861
SRR23651773,rhizosphere,1.718089617
SRR15373726,rhizosphere,1.700087034
SRR16798123,rhizosphere,1.698980425
SRR22703650,rhizosphere,1.673015418
SRR19161334,rhizosphere,1.663113698
SRR14458744,rhizosphere,1.662547832
SRR22703647,rhizosphere,1.606056795
SRR15373728,rhizosphere,1.548368409
SRR16798073,rhizosphere,1.515621074
SRR19161318,rhizosphere,1.482894751
SRR15373727,rhizosphere,1.438352056
SRR22703655,rhizosphere,1.325733715
SRR23725312,rhizosphere,1.288991356
SRR19161330,rhizosphere,1.287756582
SRR20079031,rhizosphere,1.248149296
SRR22703654,rhizosphere,1.232901659
SRR19161321,rhizosphere,1.219587773
SRR16798074,rhizosphere,1.219081613
SRR16798072,rhizosphere,1.194306931
SRR22703641,rhizosphere,1.14346733
SRR22703642,rhizosphere,1.138424154
SRR14458746,rhizosphere,1.099466845
SRR15947152,rhizosphere,1.053953692
SRR19161331,rhizosphere,1.032380024
SRR15947150,rhizosphere,0.984987433
SRR15947155,rhizosphere,0.967204002
SRR15646761,rhizosphere,0.932075595
SRR15646762,rhizosphere,0.926798578
SRR22703652,rhizosphere,0.887800054
SRR23725313,rhizosphere,0.843576067
SRR14458754,rhizosphere,0.809276028
SRR20079019,rhizosphere,0.788539887
SRR22703653,rhizosphere,0.772164802
SRR15947153,rhizosphere,0.763125763
SRR19161329,rhizosphere,0.713290675
SRR22703658,rhizosphere,0.68723428
SRR22703648,rhizosphere,0.65567721
SRR22703656,rhizosphere,0.445246918
SRR14458756,rhizosphere,0.371105232
SRR22703649,rhizosphere,0.367665426
SRR14458755,rhizosphere,0.355922551
SRR20079021,rhizosphere,0.293944738
SRR15646760,rhizosphere,0.244507722
SRR17036898,rhizosphere,0.132893472
SRR8543699,phyllosphere,78.78302129
SRR6056322,phyllosphere,78.57142857
SRR8543695,phyllosphere,62.77363728
SRR4142283,phyllosphere,45.67337632
SRR8543691,phyllosphere,43.1547619
SRR8543692,phyllosphere,28.83928571
SRR6056323,phyllosphere,21.67487685
SRR6987410,phyllosphere,14.21499293
SRR8543694,phyllosphere,12.07142857
SRR6988749,phyllosphere,12.02592739
SRR4142418,phyllosphere,11.94496666
SRR4140277,phyllosphere,11.65072434
SRR6987439,phyllosphere,10.50141911
SRR8543786,phyllosphere,10.49710024
SRR8543701,phyllosphere,10.41666667
SRR6988715,phyllosphere,10.40640394
SRR6988717,phyllosphere,10.08589452
SRR6987782,phyllosphere,9.708249704
SRR6987322,phyllosphere,8.513289037
SRR8543781,phyllosphere,8.388704319
SRR7974393,phyllosphere,8.214649191
SRR8543702,phyllosphere,7.69969278
SRR14517503,phyllosphere,7.62195122
SRR6987783,phyllosphere,7.589285714
SRR6988745,phyllosphere,7.283464567
SRR14517505,phyllosphere,7.273320287
SRR8543792,phyllosphere,7.25931677
SRR8543700,phyllosphere,7.142857143
SRR6988748,phyllosphere,6.560310449
SRR6987320,phyllosphere,6.424889543
SRR4142417,phyllosphere,6.339770963
SRR21860271,phyllosphere,6.115139292
SRR6987546,phyllosphere,5.925324675
SRR6988747,phyllosphere,5.702554745
SRR6987321,phyllosphere,5.488929889
SRR6988716,phyllosphere,5.397217235
SRR8543790,phyllosphere,5.218202923
SRR21860281,phyllosphere,5.035369962
SRR21860267,phyllosphere,5.008715691
SRR8543782,phyllosphere,4.965108235
SRR8543711,phyllosphere,4.933035714
SRR8543777,phyllosphere,4.907084785
SRR6987409,phyllosphere,4.861111111
SRR10145185,phyllosphere,4.721391174
SRR21860283,phyllosphere,4.710826566
SRR21860277,phyllosphere,4.687872065
SRR21860269,phyllosphere,4.566978255
SRR6987407,phyllosphere,4.43452381
SRR6987786,phyllosphere,4.332552693
SRR4140276,phyllosphere,4.251563154
SRR6987548,phyllosphere,4.16818303
SRR6988750,phyllosphere,4.168052553
SRR21860279,phyllosphere,4.061099763
SRR6988746,phyllosphere,3.695558249
SRR8543780,phyllosphere,3.640230173
SRR6050776,phyllosphere,3.63602267
SRR8543709,phyllosphere,3.603896104
SRR4140275,phyllosphere,3.341375753
SRR6987549,phyllosphere,3.327645051
SRR6987470,phyllosphere,3.283052351
SRR21860274,phyllosphere,3.211409825
SRR6987550,phyllosphere,3.190122648
SRR21860275,phyllosphere,3.092250414
SRR8543787,phyllosphere,2.940993193
SRR8543785,phyllosphere,2.83218126
SRR21860270,phyllosphere,2.826513635
SRR4141180,phyllosphere,2.703313705
SRR8543788,phyllosphere,2.583026292
SRR6056335,phyllosphere,2.582644628
SRR21860266,phyllosphere,2.451609171
SRR4142460,phyllosphere,2.329948532
SRR21860268,phyllosphere,2.308252837
SRR21860278,phyllosphere,2.201059707
SRR21860282,phyllosphere,2.158806146
SRR6987551,phyllosphere,2.143286047
SRR6987777,phyllosphere,2.124641605
SRR21860280,phyllosphere,2.123493546
SRR11108969,phyllosphere,2.096496267
SRR4142282,phyllosphere,2.041806347
SRR10127271,phyllosphere,1.944750745
SRR6987775,phyllosphere,1.906135125
SRR21860276,phyllosphere,1.858258929
SRR6987547,phyllosphere,1.753260696
SRR5166355,phyllosphere,1.409735559
SRR14517504,phyllosphere,1.120230701
SRR21860273,phyllosphere,1.081654173
SRR6987778,phyllosphere,1.070319432
SRR10143422,phyllosphere,1.016502634
SRR8543793,phyllosphere,0.943181818
SRR21860272,phyllosphere,0.819854742
SRR14517502,phyllosphere,0.629178933
SRR21860284,phyllosphere,0.609742029
SRR4142430,phyllosphere,0.476764409
SRR8543789,phyllosphere,0.451407329
SRR4142459,phyllosphere,0.420786871
SRR10143175,phyllosphere,0.265731293
SRR21860285,phyllosphere,0.190981927
SRR10143174,phyllosphere,0.144405234
SRR10127267,phyllosphere,0.066414598
ERR2828450,petroleum,108.1951069
SRR14874076,petroleum,13.04735234
SRR12691405,petroleum,11.83507504
SRR2107218,petroleum,4.316748671
ERR2828449,petroleum,4.134800095
SRR2107180,petroleum,3.49660814
SRR2107210,petroleum,3.362225954
SRR2107174,petroleum,3.079918294
SRR2107176,petroleum,2.951471286
SRR9332771,petroleum,2.842295877
SRR2107177,petroleum,2.599243856
SRR2107219,petroleum,2.567820889
SRR2107211,petroleum,2.308062233
SRR2107215,petroleum,2.199364039
SRR2107213,petroleum,2.061122431
SRR2107216,petroleum,2.052623022
SRR2107175,petroleum,1.998829382
SRR12684520,petroleum,1.965894268
SRR14874077,petroleum,1.785714286
SRR2107182,petroleum,1.474510966
SRR13512339,petroleum,1.157379513
SRR13512340,petroleum,0.942483707
SRR13480478,petroleum,0.908156466
SRR2107183,petroleum,0.823126364
SRR14874066,petroleum,0.82010582
SRR2107181,petroleum,0.807026931
SRR13515772,petroleum,0.761186734
SRR2107171,petroleum,0.613026591
SRR13480373,petroleum,0.585052009
SRR13492908,petroleum,0.579529854
SRR13515746,petroleum,0.567445952
SRR13503366,petroleum,0.554534991
SRR14874097,petroleum,0.521068049
SRR2107212,petroleum,0.506957555
SRR14874054,petroleum,0.496603541
SRR2107184,petroleum,0.479036236
SRR2903329,petroleum,0.458359676
SRR14874047,petroleum,0.445326279
SRR2107128,petroleum,0.397709195
SRR14874087,petroleum,0.372874284
SRR14874093,petroleum,0.273164336
SRR13452042,petroleum,0.229056883
SRR2107133,petroleum,0.226330716
SRR7754705,petroleum,0.097810077
SRR23135032,petroleum,0.072886297
SRR12059196,marinesediment,19.04215359
SRR12059192,marinesediment,11.48339215
SRR12886465,marinesediment,5.816422491
ERR5004407,marinesediment,5.338799947
ERR5003101,marinesediment,3.914141414
ERR5004402,marinesediment,3.265306122
ERR5004406,marinesediment,3.020694259
ERR5004404,marinesediment,2.65095729
SRR23337892,marinesediment,2.218895287
ERR5003102,marinesediment,2.212851238
SRR12894172,marinesediment,2.096036585
ERR5002007,marinesediment,1.982029598
SRR18502803,marinesediment,1.899662534
SRR21384359,marinesediment,1.815960912
ERR5004405,marinesediment,1.709027169
SRR12887238,marinesediment,1.597160603
SRR23985278,marinesediment,1.589543525
SRR23985293,marinesediment,1.430415491
SRR23986798,marinesediment,1.314114078
SRR23986967,marinesediment,1.285916998
SRR23986799,marinesediment,1.128373384
SRR23985144,marinesediment,1.087291065
SRR23986966,marinesediment,1.079109734
SRR23986797,marinesediment,1.076668673
SRR23985295,marinesediment,0.891173684
SRR11343835,marinesediment,0.869188705
SRR12887797,marinesediment,0.850575389
SRR23985276,marinesediment,0.842177032
SRR21856587,marinesediment,0.799329764
SRR23985143,marinesediment,0.781006034
SRR12888150,marinesediment,0.708567197
SRR12886462,marinesediment,0.660144937
SRR21856588,marinesediment,0.635777199
SRR23985294,marinesediment,0.62116775
SRR21487739,marinesediment,0.585848194
SRR12883922,marinesediment,0.584347933
SRR23985277,marinesediment,0.543720275
SRR21856590,marinesediment,0.535969837
SRR12358723,marinesediment,0.504309322
SRR23986965,marinesediment,0.494123183
SRR10156266,marinesediment,0.464560337
SRR12358728,marinesediment,0.44810898
SRR23985142,marinesediment,0.429645542
SRR12886464,marinesediment,0.381871905
SRR12068626,marinesediment,0.366800921
SRR10156271,marinesediment,0.366119147
SRR13515397,marinesediment,0.358696001
SRR10375098,marinesediment,0.349738749
SRR23318466,marinesediment,0.335177566
SRR10156267,marinesediment,0.328131253
SRR12358725,marinesediment,0.318948745
SRR10156273,marinesediment,0.316241991
SRR21487738,marinesediment,0.310700212
SRR10156270,marinesediment,0.300264608
SRR21487746,marinesediment,0.283541756
SRR17589674,marinesediment,0.282072934
SRR10072857,marinesediment,0.249967355
SRR23318459,marinesediment,0.239023931
SRR10156268,marinesediment,0.221308932
SRR21856589,marinesediment,0.197778268
SRR11400153,marinesediment,0.166251895
SRR12358727,marinesediment,0.156847983
SRR12059199,marinesediment,0.148272305
SRR10097247,marinesediment,0.138543459
SRR23318455,marinesediment,0.134060186
SRR11343833,marinesediment,0.132038697
SRR10072860,marinesediment,0.086364771
SRR23318456,marinesediment,0.085661971
SRR10072858,marinesediment,0.084678894
SRR23318467,marinesediment,0.073427429
SRR23318462,marinesediment,0.071517969
SRR11343824,marinesediment,0.071377092
SRR23318465,marinesediment,0.067704027
SRR23318460,marinesediment,0.067585949
SRR12605074,marinesediment,0.056382255
SRR18502801,marinesediment,0.036493021
SRR12605076,marinesediment,0.035170189
SRR18502802,marinesediment,0.015707909
SRR15039771,marinesediment,0.011736271
SRR3988885,marine,127.0714286
SRR20241829,marine,38.09641857
SRR20241648,marine,22.92740047
SRR20241698,marine,16.27851403
SRR20242002,marine,13.26262359
SRR20241894,marine,13.22514695
SRR20242026,marine,12.1261404
SRR20242039,marine,12.08912769
SRR20241711,marine,11.89299831
SRR20242100,marine,10.70136136
SRR20241707,marine,9.718406593
SRR20242013,marine,9.412650602
SRR20241905,marine,8.958333333
SRR20241882,marine,8.797909408
SRR20242018,marine,8.416989454
SRR20241566,marine,7.76657553
SRR20242038,marine,7.124983555
SRR20241748,marine,6.912028725
SRR20242092,marine,6.597234944
SRR20241752,marine,6.492857143
SRR20241574,marine,6.460674157
SRR20241953,marine,6.092289132
SRR20241831,marine,5.476190476
SRR20241710,marine,5.181380373
SRR20242066,marine,5.08866501
SRR20242054,marine,4.881655259
SRR20241547,marine,4.537286613
SRR20241620,marine,4.38517179
SRR20241586,marine,4.164067374
SRR20242007,marine,4.156403941
SRR20242033,marine,4.151785714
SRR20242036,marine,4.151084518
SRR20241731,marine,3.983672303
SRR20241633,marine,3.744438952
SRR20242005,marine,3.737799468
SRR20241739,marine,3.498542274
SRR20241703,marine,3.459948234
SRR20241860,marine,3.418148375
SRR20241868,marine,3.400297619
SRR20241873,marine,3.308741337
SRR20241862,marine,3.279220779
SRR20241920,marine,3.25283197
SRR20242035,marine,3.211525809
SRR20241717,marine,3.151260504
SRR20242110,marine,3.009162849
SRR20241793,marine,2.877918586
SRR20241929,marine,2.765486726
SRR20242049,marine,2.747989276
SRR20241715,marine,2.722181418
SRR20241888,marine,2.711293942
SRR20241696,marine,2.443302586
SRR20242021,marine,2.437258687
SRR20242109,marine,2.424400417
SRR20242055,marine,2.349777882
SRR13449931,marine,2.328416796
SRR20241803,marine,2.324689274
SRR20241697,marine,2.170138889
SRR20241700,marine,2.134936636
SRR20242034,marine,2.116402116
SRR21430012,marine,2.062231388
SRR21430012,marine,2.062231388
SRR20242004,marine,1.948051948
SRR20242056,marine,1.924860853
SRR20241955,marine,1.921718334
SRR20241728,marine,1.915403033
SRR20242025,marine,1.903638814
SRR13153511,marine,1.901471597
SRR20241852,marine,1.884631404
SRR20242106,marine,1.821668265
SRR20241883,marine,1.795366795
SRR20242008,marine,1.791914683
SRR20242101,marine,1.785714286
SRR20241858,marine,1.741440378
SRR20242112,marine,1.723833098
SRR20241763,marine,1.681979846
SRR20241859,marine,1.653375642
SRR20241983,marine,1.644931832
SRR20241542,marine,1.627793975
SRR20242020,marine,1.595568783
SRR20241996,marine,1.575171553
SRR20242009,marine,1.541514042
SRR20241797,marine,1.531797144
SRR20242067,marine,1.497754274
SRR13153506,marine,1.49263904
SRR20242017,marine,1.488095238
SRR20241774,marine,1.431150077
SRR20242104,marine,1.391516872
SRR20241994,marine,1.387362637
SRR21430007,marine,1.38311758
SRR21430007,marine,1.38311758
SRR20241855,marine,1.372459812
SRR20241726,marine,1.358043217
SRR20241716,marine,1.355820106
SRR13449934,marine,1.296471495
SRR20241699,marine,1.279350853
SRR20242000,marine,1.278594474
SRR20241714,marine,1.257634883
SRR20242028,marine,1.255648245
SRR20241866,marine,1.250644662
SRR20242062,marine,1.23891419
SRR20241719,marine,1.214967971
SRR20241649,marine,1.18652112
SRR21430009,marine,1.18278475
SRR21430009,marine,1.18278475
SRR13449920,marine,1.084494085
SRR13449933,marine,1.026756857
SRR13153513,marine,1.011297376
SRR13153334,marine,0.833651642
SRR13153533,marine,0.716869026
SRR21430008,marine,0.671861408
SRR21430008,marine,0.671861408
SRR14511854,marine,0.612484091
SRR13153550,marine,0.608909642
SRR13153521,marine,0.599253192
SRR13153516,marine,0.595927827
SRR13153525,marine,0.586774994
SRR13153536,marine,0.495535714
SRR14511898,marine,0.452119309
SRR19160659,marine,0.449581829
SRR13449922,marine,0.423633077
SRR13449923,marine,0.407955125
SRR22177934,marine,0.400565566
SRR22177934,marine,0.400565566
SRR13816176,marine,0.388673357
SRR14511894,marine,0.380952381
SRR21430010,marine,0.369985039
SRR21430010,marine,0.369985039
SRR13153301,marine,0.364678652
SRR13153306,marine,0.298921538
SRR13449916,marine,0.283179309
SRR13122270,marine,0.280993593
SRR14511909,marine,0.278790976
SRR14511859,marine,0.271784963
SRR13449935,marine,0.261971934
SRR13449919,marine,0.248805732
SRR14511834,marine,0.248221695
SRR15530477,marine,0.240396058
SRR13816199,marine,0.238536973
SRR13153432,marine,0.229182582
SRR15530472,marine,0.211631551
SRR14511876,marine,0.211483557
SRR13122157,marine,0.205819275
SRR14511926,marine,0.200567351
SRR14511872,marine,0.19055149
SRR14865844,marine,0.18921328
SRR16028405,marine,0.181559404
SRR16686517,marine,0.179147496
SRR19160658,marine,0.170235747
SRR24202167,marine,0.166426772
SRR24202167,marine,0.166426772
SRR14511837,marine,0.161076515
SRR13122047,marine,0.155602606
SRR14511875,marine,0.155136504
SRR14511865,marine,0.152152849
SRR14511912,marine,0.152031136
SRR17470357,marine,0.145905923
SRR14511928,marine,0.144913987
SRR16028411,marine,0.140929404
SRR14511914,marine,0.140759822
SRR22177932,marine,0.140065086
SRR22177932,marine,0.140065086
SRR14511839,marine,0.139209845
SRR14511915,marine,0.128571429
SRR13122148,marine,0.12567527
SRR15530468,marine,0.124650977
SRR14511848,marine,0.11805658
SRR14511918,marine,0.115936652
SRR14511911,marine,0.114275206
SRR13122038,marine,0.110067522
SRR14511866,marine,0.10989011
SRR15530478,marine,0.10880883
SRR14511855,marine,0.107870796
SRR13122107,marine,0.107015078
SRR15530467,marine,0.097097164
SRR22177935,marine,0.094611168
SRR22177935,marine,0.094611168
SRR15530474,marine,0.092818125
SRR15530465,marine,0.091282519
SRR15530469,marine,0.089261057
SRR15530476,marine,0.08871269
SRR23460021,marine,0.087985922
SRR23460021,marine,0.087985922
SRR15530473,marine,0.085180082
SRR14511924,marine,0.08320831
SRR14511850,marine,0.08047508
SRR16028412,marine,0.072525474
SRR13782129,marine,0.055306891
SRR14511838,marine,0.053711225
SRR21430006,marine,0.051905432
SRR21430006,marine,0.051905432
SRR23460013,marine,0.049141269
SRR23460013,marine,0.049141269
SRR14511861,marine,0.048743813
SRR17224011,marine,0.046463419
SRR23460020,marine,0.019836936
SRR23460020,marine,0.019836936
SRR11516665,landfill,65.98382749
SRR9166112,landfill,23.5380117
SRR9166105,landfill,13.98142217
SRR9166114,landfill,10.18907563
SRR9166103,landfill,8.953304313
SRR12105370,landfill,7.365798216
SRR9166113,landfill,6.846374046
ERR1346528,landfill,6.813909774
SRR9166117,landfill,6.634993447
SRR9166111,landfill,5.578055965
ERR1346484,landfill,5.535714286
SRR11516664,landfill,5.326704545
SRR9166115,landfill,5.042016807
SRR9016294,landfill,4.156175457
SRR10363840,landfill,4.155687186
SRR11516666,landfill,3.78550543
SRR9166104,landfill,3.519878166
SRR17204930,landfill,3.506300022
SRR10363850,landfill,3.1780696
SRR10363851,landfill,2.993094839
SRR17204931,landfill,2.814935065
SRR10363839,landfill,2.754553431
SRR10363849,landfill,2.504668079
SRR10363842,landfill,2.281910245
SRR11516667,landfill,2.281653884
SRR6689521,landfill,2.267573696
SRR9166120,landfill,2.139758388
SRR17204929,landfill,2.088247359
SRR11516662,landfill,2.074115044
SRR10363841,landfill,2.039348842
SRR9166119,landfill,2.036802922
SRR17204932,landfill,2.032667108
SRR17204927,landfill,2.007214945
SRR9166116,landfill,1.995464853
SRR10363843,landfill,1.901902727
SRR9016295,landfill,1.825789765
SRR10363848,landfill,1.783456746
SRR10363847,landfill,1.685608125
SRR11516663,landfill,1.676870748
SRR12481296,landfill,1.616300366
SRR10363845,landfill,1.413595751
SRR9016296,landfill,1.410826193
SRR9166123,landfill,1.24501992
SRR9016298,landfill,1.242308971
SRR6689529,landfill,1.232492997
SRR10363852,landfill,1.222332592
SRR9166126,landfill,1.210011031
SRR9166108,landfill,1.208791209
SRR12481295,landfill,1.196795358
SRR9166121,landfill,1.167198723
SRR9166127,landfill,1.141201514
SRR19039924,landfill,1.114061463
SRR9166125,landfill,1.101556616
SRR7082984,landfill,1.046901173
SRR10363846,landfill,1.006091326
SRR23913141,landfill,0.989349228
SRR6689523,landfill,0.983365949
SRR23913142,landfill,0.941776423
SRR17204934,landfill,0.93673962
SRR9166107,landfill,0.904533566
SRR23913140,landfill,0.894503366
SRR7082973,landfill,0.876159044
SRR7082971,landfill,0.865056377
SRR8357215,landfill,0.852720708
SRR10363844,landfill,0.795941933
SRR17204935,landfill,0.746156165
SRR19039922,landfill,0.715519467
SRR6689519,landfill,0.694571795
SRR9016293,landfill,0.691100721
SRR19039920,landfill,0.634704998
SRR19039921,landfill,0.621388181
SRR17204949,landfill,0.577732126
SRR7082981,landfill,0.564206725
SRR19039919,landfill,0.538126432
SRR23913143,landfill,0.510281004
SRR8357216,landfill,0.493035868
SRR9016297,landfill,0.435530039
SRR17204939,landfill,0.402770088
SRR19039923,landfill,0.375248784
SRR11086756,landfill,0.371201585
SRR23913145,landfill,0.344924599
SRR17204943,landfill,0.287543964
SRR7082974,landfill,0.285657438
SRR17204946,landfill,0.266420787
SRR17204920,landfill,0.252051691
SRR17204936,landfill,0.224034231
SRR22315509,landfill,0.183385291
SRR18595301,landfill,0.1833742
SRR17204926,landfill,0.180908524
SRR7082965,landfill,0.171891699
SRR10363853,landfill,0.125023129
SRR17204933,landfill,0.112372052
SRR22315507,landfill,0.106355375
SRR17204945,landfill,0.103924177
SRR8449813,landfill,0.097388432
SRR8542065,landfill,0.096308186
SRR17204941,landfill,0.095437402
SRR17204937,landfill,0.09035929
SRR17204942,landfill,0.088352617
SRR22315506,landfill,0.083982309
SRR6484325,landfill,0.061937125
SRR23913144,landfill,0.057192021
SRR18595300,landfill,0.052830994
SRR6484323,landfill,0.050205782
SRR8449827,landfill,0.049049806
SRR6484324,landfill,0.027461109
SRR22315504,landfill,0.026745977
SRR8449814,landfill,0.022100424
SRR22315501,landfill,0.018940542
SRR8449815,landfill,0.016933998
SRR24079465,hotspring,193.5714286
SRR13388588,hotspring,18.92006803
ERR1846294,hotspring,13.46310068
SRR3961739,hotspring,6.831659063
SRR24079454,hotspring,6.255664173
SRR7903765,hotspring,5.326015053
SRR3961740,hotspring,4.319584992
SRR10095344,hotspring,3.513362086
SRR24079438,hotspring,3.45776811
SRR3961734,hotspring,3.377247236
SRR3961733,hotspring,3.283340844
SRR10095351,hotspring,2.456259525
SRR24079450,hotspring,2.31557055
SRR5580868,hotspring,2.27200785
SRR5469038,hotspring,1.97403403
SRR5468562,hotspring,1.972075412
SRR24079426,hotspring,1.601417245
SRR5214705,hotspring,1.562279665
SRR24079425,hotspring,1.497354073
SRR24079441,hotspring,1.403793362
ERR1846295,hotspring,1.130759955
SRR15214115,hotspring,0.988924051
SRR15214117,hotspring,0.950871632
SRR5581334,hotspring,0.950650715
SRR17863203,hotspring,0.935524652
SRR10095373,hotspring,0.85104655
SRR7067823,hotspring,0.844237929
SRR24079483,hotspring,0.833874459
SRR15214118,hotspring,0.818356868
SRR24079451,hotspring,0.788288234
SRR5214154,hotspring,0.698324022
SRR7473443,hotspring,0.688902409
SRR5580902,hotspring,0.655467721
SRR24079455,hotspring,0.64569124
SRR5747861,hotspring,0.605262006
SRR13200013,hotspring,0.584984461
SRR24079447,hotspring,0.584955107
SRR24079446,hotspring,0.577184785
SRR24079439,hotspring,0.513993898
SRR10063242,hotspring,0.508237686
SRR12999146,hotspring,0.500237501
SRR24079427,hotspring,0.483641394
SRR5451032,hotspring,0.464791446
SRR5747841,hotspring,0.45993392
SRR7473442,hotspring,0.456736869
SRR24079436,hotspring,0.436671343
SRR10095343,hotspring,0.433237058
SRR10067286,hotspring,0.425824176
SRR13199767,hotspring,0.408534749
SRR24079453,hotspring,0.389819588
SRR24079428,hotspring,0.381259961
SRR10095362,hotspring,0.37118568
SRR15214113,hotspring,0.353082409
SRR6311222,hotspring,0.349245349
SRR24079466,hotspring,0.314207396
SRR24079480,hotspring,0.310124757
SRR10095374,hotspring,0.301503448
SRR3961743,hotspring,0.29502461
SRR13200201,hotspring,0.231893638
SRR15214111,hotspring,0.229231616
SRR24079458,hotspring,0.219510425
SRR5214155,hotspring,0.188285779
SRR13200009,hotspring,0.183784548
SRR3961742,hotspring,0.173775671
SRR24079434,hotspring,0.161630356
SRR13200029,hotspring,0.14790974
SRR11457943,hotspring,0.143464106
SRR5580901,hotspring,0.121415216
SRR24079432,hotspring,0.121397701
SRR24079477,hotspring,0.119438749
SRR5248876,hotspring,0.117690043
SRR5580903,hotspring,0.11110602
SRR6049666,hotspring,0.098378225
SRR24079433,hotspring,0.095570759
SRR7039829,hotspring,0.091990524
SRR7473445,hotspring,0.091588511
SRR5248875,hotspring,0.090151265
SRR12949764,hotspring,0.080558539
SRR9001935,hotspring,0.077812309
SRR24079437,hotspring,0.076416283
SRR13200202,hotspring,0.064346733
SRR13720463,hotspring,0.040306328
SRR9650298,hotspring,0.031083019
SRR8863378,hotspring,0.017613101
SRR15214128,hotspring,0.01293947
SRR9650299,hotspring,0.010288881
SRR23684540,freshwater,20.81910558
SRR23684493,freshwater,18.94903001
SRR23684495,freshwater,16.99629158
SRR23684459,freshwater,16.33319878
SRR23684458,freshwater,13.32871213
SRR23684457,freshwater,12.82246809
SRR23684494,freshwater,11.7372104
SRR23684541,freshwater,10.04840345
SRR22256704,freshwater,9.197147705
SRR23684425,freshwater,8.823055756
SRR22256700,freshwater,8.660034437
SRR23684550,freshwater,8.641615601
SRR23684426,freshwater,8.438828205
SRR22256702,freshwater,8.400617232
SRR22256701,freshwater,8.362358989
SRR23684549,freshwater,8.176100968
SRR23684548,freshwater,7.736419978
SRR22256703,freshwater,7.242361009
SRR23684424,freshwater,6.923427834
SRR23684476,freshwater,6.467345438
SRR23684510,freshwater,6.435278337
SRR23684469,freshwater,5.879983605
SRR23684470,freshwater,5.857377388
SRR23684475,freshwater,5.509218845
ERR10509553,freshwater,5.26855565
ERR10509552,freshwater,5.25498038
SRR23684557,freshwater,5.00266809
SRR23684473,freshwater,4.948709963
SRR22256706,freshwater,4.69617772
SRR23684512,freshwater,4.337237777
SRR22256707,freshwater,4.28630145
SRR22256717,freshwater,4.219861735
SRR23684558,freshwater,3.955696203
ERR10509555,freshwater,3.912553529
SRR23684511,freshwater,3.828605862
SRR23684468,freshwater,3.820332341
SRR22256696,freshwater,3.708085176
ERR10509557,freshwater,3.659126275
SRR22256708,freshwater,3.470037697
SRR22256697,freshwater,3.388110515
SRR23684433,freshwater,3.258122744
SRR22256699,freshwater,2.87964876
ERR10509556,freshwater,2.831987816
SRR23684532,freshwater,2.766095115
SRR22256705,freshwater,2.640363578
SRR22256698,freshwater,2.52576278
ERR10509554,freshwater,2.515554199
ERR10509559,freshwater,2.42271696
SRR23684456,freshwater,2.405753968
SRR23684461,freshwater,2.354682454
SRR23684438,freshwater,2.269762588
SRR23684455,freshwater,2.227221597
SRR23684467,freshwater,2.145659637
SRR23684460,freshwater,2.132601351
SRR21705855,freshwater,2.063689023
SRR23684525,freshwater,2.053924337
SRR23684491,freshwater,1.865058375
SRR23684465,freshwater,1.772824474
ERR10509551,freshwater,1.730076649
SRR23684542,freshwater,1.693371051
SRR23684524,freshwater,1.685142142
SRR22256695,freshwater,1.646158962
SRR13516743,freshwater,1.502943911
SRR23684422,freshwater,1.465239073
SRR22256691,freshwater,1.423600776
SRR23684439,freshwater,1.389101778
SRR22256693,freshwater,1.382583006
SRR22256715,freshwater,1.381114373
SRR21705859,freshwater,1.381051381
SRR23684464,freshwater,1.373995245
SRR23684521,freshwater,1.358296623
SRR23684565,freshwater,1.250933608
SRR23684492,freshwater,1.191611058
SRR23684519,freshwater,1.130880579
SRR23684472,freshwater,1.092370387
SRR22256716,freshwater,1.074267743
SRR23684554,freshwater,1.050425308
SRR23684441,freshwater,0.997776543
SRR13516750,freshwater,0.946208888
SRR23684543,freshwater,0.926445937
SRR21705849,freshwater,0.905751522
SRR21705854,freshwater,0.869051443
SRR23684450,freshwater,0.863274527
SRR23684435,freshwater,0.808160225
SRR13516737,freshwater,0.807823129
ERR10509558,freshwater,0.800220751
SRR22256694,freshwater,0.79291915
SRR23684545,freshwater,0.772778724
SRR23684434,freshwater,0.759296652
SRR22256692,freshwater,0.727274102
SRR23684466,freshwater,0.709682369
SRR21705858,freshwater,0.683194957
SRR21705886,freshwater,0.678503916
SRR13516740,freshwater,0.675675676
SRR23684498,freshwater,0.672766416
SRR23684436,freshwater,0.669066607
SRR23684423,freshwater,0.65483812
SRR23684535,freshwater,0.63419584
SRR23684471,freshwater,0.616146859
SRR23684462,freshwater,0.584994693
SRR23684547,freshwater,0.581255992
SRR21705880,freshwater,0.56986975
SRR21705862,freshwater,0.563348416
SRR23684496,freshwater,0.540762692
SRR22256718,freshwater,0.519891501
SRR22804965,freshwater,0.500707028
SRR13516734,freshwater,0.497287523
SRR23684430,freshwater,0.492988606
SRR23684482,freshwater,0.480519481
SRR13516739,freshwater,0.480483456
SRR13516733,freshwater,0.477061822
SRR13516741,freshwater,0.47235023
SRR23684546,freshwater,0.470039344
SRR13516745,freshwater,0.458211144
SRR23684420,freshwater,0.423852249
SRR21705869,freshwater,0.416321732
SRR23684437,freshwater,0.404063352
SRR21705885,freshwater,0.392700844
SRR23684523,freshwater,0.39117043
SRR21705887,freshwater,0.383212496
SRR21705857,freshwater,0.377521506
SRR21705881,freshwater,0.377262589
SRR23684454,freshwater,0.37250384
SRR22804967,freshwater,0.359644829
SRR23684544,freshwater,0.356946283
SRR23684421,freshwater,0.330154097
SRR21705865,freshwater,0.329518244
SRR23684552,freshwater,0.325096325
SRR23684562,freshwater,0.32472631
SRR23684509,freshwater,0.317991324
SRR23684520,freshwater,0.290529695
SRR23684480,freshwater,0.272278154
SRR13516747,freshwater,0.26239646
SRR21705877,freshwater,0.258687259
SRR21705853,freshwater,0.25862069
SRR21705866,freshwater,0.257958004
SRR23684508,freshwater,0.254996757
SRR23684442,freshwater,0.246840442
SRR21705884,freshwater,0.235362998
SRR23684567,freshwater,0.234796159
SRR21705882,freshwater,0.228035941
SRR23684566,freshwater,0.222322617
SRR21705883,freshwater,0.217905762
SRR21705889,freshwater,0.212761453
SRR23684517,freshwater,0.206024293
SRR23684527,freshwater,0.197322011
SRR23684560,freshwater,0.194725812
SRR23684563,freshwater,0.192663379
SRR21705860,freshwater,0.186470355
SRR23684506,freshwater,0.182183347
SRR23684452,freshwater,0.176959989
SRR23684474,freshwater,0.175183895
SRR23684533,freshwater,0.174069628
SRR23684431,freshwater,0.172010214
SRR23684463,freshwater,0.171877836
SRR23684440,freshwater,0.163880093
SRR10241523,freshwater,0.153769841
SRR23684501,freshwater,0.120449297
SRR23684526,freshwater,0.120338203
SRR23684534,freshwater,0.109240493
SRR23684559,freshwater,0.103506624
SRR23684538,freshwater,0.084803542
SRR10241528,freshwater,0.070386313
SRR22804968,freshwater,0.034838158
ERR3597756,compost,453.5087719
ERR3609896,compost,453.5087719
ERR3597788,compost,180.3571429
ERR3609928,compost,180.3571429
SRR23962336,compost,147.8401127
SRR23962337,compost,47.27902956
SRR23962321,compost,33.23057138
SRR7976146,compost,18.55306799
SRR7976142,compost,16.3713796
SRR6958719,compost,14.96912929
SRR7976145,compost,14.47847505
SRR7142040,compost,14.27606612
ERR3609904,compost,13.87362637
ERR3597764,compost,13.87362637
ERR3597765,compost,13.80952381
ERR3609905,compost,13.80952381
SRR14301320,compost,13.48763778
SRR7142039,compost,12.71103896
ERR3597767,compost,12.67507003
ERR3609907,compost,12.67507003
SRR14301304,compost,11.27047177
ERR3597766,compost,11.2244898
ERR3609906,compost,11.2244898
SRR23962322,compost,10.86609373
SRR6958720,compost,10.52989944
SRR14301316,compost,10.36669284
SRR14301319,compost,10.03107735
SRR7142638,compost,8.388281305
SRR7904193,compost,7.978201301
SRR7142637,compost,7.904089921
SRR7976141,compost,7.880398671
SRR8127606,compost,7.662679075
SRR14301300,compost,7.530241935
SRR23962325,compost,6.892466289
SRR8127636,compost,6.797506739
SRR5626797,compost,6.704851752
SRR5626794,compost,6.684747317
SRR23962324,compost,6.265137634
SRR8127614,compost,5.6711146
SRR5626799,compost,5.551719376
SRR8127639,compost,5.511938058
SRR8127624,compost,5.494505495
SRR6958908,compost,5.377636556
SRR8127594,compost,5.146683673
SRR8127626,compost,5.143923241
SRR8127638,compost,5.135773318
SRR8127590,compost,5.109666149
SRR8127633,compost,5.09281015
SRR8127591,compost,5.040322581
SRR7142031,compost,4.879482657
SRR8127623,compost,4.847336751
SRR14301321,compost,4.814723637
SRR5626789,compost,4.736369649
SRR7142032,compost,4.547001126
SRR16798009,compost,4.395794478
SRR5626781,compost,4.272959184
SRR5626793,compost,4.249887792
SRR8127612,compost,4.032905297
SRR7142639,compost,3.955808915
SRR7976242,compost,3.894080997
SRR8127610,compost,3.797289667
SRR7976231,compost,3.714285714
SRR6958909,compost,3.580479967
SRR8127629,compost,3.571428571
SRR8127600,compost,3.551136364
SRR16797979,compost,3.504648153
SRR8127619,compost,3.501055595
SRR8127628,compost,3.475228475
SRR8127605,compost,3.472222222
SRR8127607,compost,3.442651099
SRR8127593,compost,3.435405778
SRR8127642,compost,3.435204928
SRR8127635,compost,3.434065934
SRR17938970,compost,3.419437967
SRR8127632,compost,3.412305516
SRR8127640,compost,3.382575122
SRR7904196,compost,3.357189179
SRR7142640,compost,3.285777413
SRR6959023,compost,3.23067021
SRR6958907,compost,3.226214934
SRR8127615,compost,3.205980066
SRR17938968,compost,3.085559901
SRR17938977,compost,2.984493395
SRR16797978,compost,2.920967156
SRR14301308,compost,2.853881279
SRR7976140,compost,2.816311973
SRR17938967,compost,2.789680791
SRR16797999,compost,2.701082488
SRR7976138,compost,2.641559261
SRR17938969,compost,2.623102385
SRR9312626,compost,2.604034509
SRR17938976,compost,2.597739194
SRR7976144,compost,2.596340379
SRR8127621,compost,2.57837549
SRR6958906,compost,2.469911469
SRR7976239,compost,2.459416682
SRR7976243,compost,2.447163515
SRR17938980,compost,2.42008827
SRR7778155,compost,2.40332005
SRR10586137,compost,2.323496966
SRR17191904,compost,2.296740492
SRR8127630,compost,2.234950584
SRR16798008,compost,2.185429306
SRR8127645,compost,2.166811847
SRR8127598,compost,2.165354331
SRR7778157,compost,2.153679654
SRR17191900,compost,2.092180926
SRR7778161,compost,2.081998719
SRR7976143,compost,2.081852782
SRR17938974,compost,2.063591236
SRR8127641,compost,2.052808303
SRR8127620,compost,2.045918367
SRR17938975,compost,2.019578747
SRR11128412,compost,2.013052709
SRR17938978,compost,1.997623051
SRR17938979,compost,1.981741325
SRR9312633,compost,1.967068396
SRR8127609,compost,1.951148307
SRR6959024,compost,1.930960245
SRR7778158,compost,1.890414146
SRR17938971,compost,1.879561881
SRR7778164,compost,1.871152838
SRR7778153,compost,1.869369369
SRR7778156,compost,1.824426754
SRR8127625,compost,1.785714286
SRR8127637,compost,1.768121042
SRR8127618,compost,1.767399267
SRR8127601,compost,1.763252471
SRR17191906,compost,1.762059385
SRR7976232,compost,1.747437092
SRR17191907,compost,1.737926726
SRR17938972,compost,1.732150674
SRR17191898,compost,1.720634379
SRR8127611,compost,1.716701173
SRR17191903,compost,1.705425371
SRR8127617,compost,1.662391476
SRR7778162,compost,1.500482083
SRR9312611,compost,1.491033649
SRR9312632,compost,1.421428571
SRR17191901,compost,1.30275797
SRR9312610,compost,1.200389315
SRR6958989,compost,1.171722173
SRR17938973,compost,1.168840653
SRR17041388,compost,1.152089499
SRR17041387,compost,1.146482473
SRR17041389,compost,1.1197973
SRR17191899,compost,1.084235806
SRR5688572,compost,1.080750937
SRR16797977,compost,1.030068789
SRR17938982,compost,0.979869027
SRR24044305,compost,0.975196099
SRR17041390,compost,0.958265037
SRR17938981,compost,0.95620503
SRR6201975,compost,0.838740835
SRR6958990,compost,0.811276379
SRR7778151,compost,0.764936944
SRR17191902,compost,0.751971459
SRR24044306,compost,0.715512307
SRR6713636,compost,0.707858886
SRR16797976,compost,0.688295579
SRR7778150,compost,0.68602261
SRR9312624,compost,0.666173205
SRR21373926,compost,0.649089936
SRR24044316,compost,0.638153415
SRR6958704,compost,0.63565859
SRR9312629,compost,0.616676755
SRR13001972,compost,0.609977024
SRR24044324,compost,0.555373039
SRR9312628,compost,0.542173905
SRR9312615,compost,0.541651443
SRR24044303,compost,0.53131634
SRR17191905,compost,0.530659129
SRR24044304,compost,0.52375844
SRR7778152,compost,0.518457072
SRR24044312,compost,0.4732424
SRR6713634,compost,0.4522329
SRR24044331,compost,0.442920292
SRR16797980,compost,0.436312795
SRR7976234,compost,0.380952381
SRR24044320,compost,0.378459103
SRR7778154,compost,0.378104436
SRR6826357,compost,0.377955831
SRR24044325,compost,0.364896947
SRR9312623,compost,0.362372983
SRR10586133,compost,0.350697604
SRR16797981,compost,0.349574929
SRR9312622,compost,0.346840659
SRR9312630,compost,0.34592371
SRR24044323,compost,0.324280969
SRR7976233,compost,0.314529221
SRR5690606,compost,0.312455683
SRR24044315,compost,0.287443463
SRR24044302,compost,0.280735902
SRR6201971,compost,0.273475577
SRR7904192,compost,0.267099901
SRR9312625,compost,0.265122265
SRR24044308,compost,0.260525369
SRR24044318,compost,0.244643784
SRR24044307,compost,0.238308968
SRR17041395,compost,0.222543973
SRR6713632,compost,0.214287154
SRR24044300,compost,0.199336024
SRR24044296,compost,0.190488163
SRR24044299,compost,0.178042216
SRR24044332,compost,0.167268762
SRR9312635,compost,0.157736689
SRR24044311,compost,0.14946304
SRR24044291,compost,0.146791146
SRR24044330,compost,0.14619883
SRR24044317,compost,0.145258101
SRR6713627,compost,0.142170711
SRR6713625,compost,0.132048937
SRR21373923,compost,0.129518848
SRR24044301,compost,0.125183016
SRR24044319,compost,0.118239648
SRR6713635,compost,0.118090922
SRR21373925,compost,0.115537616
SRR6713631,compost,0.114360875
SRR24044297,compost,0.110457981
SRR6713633,compost,0.104554179
SRR6713630,compost,0.10037238
SRR17041391,compost,0.098420579
SRR24044314,compost,0.07814384
SRR24044326,compost,0.072658514
SRR24044293,compost,0.071059064
SRR24044313,compost,0.070138195
SRR13115019,compost,0.068928755
SRR24044328,compost,0.066157816
SRR24044322,compost,0.062469894
SRR5690554,compost,0.04612461
SRR21203432,compost,0.014812414
SRR6996011,bog,107.1428571
SRR6996010,bog,68.22628646
ERR5766671,bog,7.732924581
ERR5753969,bog,6.893687708
ERR5762200,bog,5.48245614
ERR5749940,bog,5.029522519
ERR5766670,bog,4.824236065
ERR5766676,bog,4.80451164
ERR5756920,bog,4.474520094
ERR5766674,bog,4.408174775
ERR5766672,bog,4.127045639
ERR5766915,bog,3.938356164
ERR5766673,bog,3.495040285
ERR5761597,bog,3.397050023
SRR1157614,bog,3.12208979
ERR5762226,bog,3.036742565
ERR5756921,bog,3.017002184
ERR5757922,bog,2.938616296
ERR9963793,bog,2.517293348
ERR5749943,bog,2.492634073
SRR1157615,bog,2.444123491
ERR9963794,bog,2.40633984
ERR4298338,bog,2.285191956
ERR5758133,bog,2.278561721
SRR5271169,bog,1.97660524
ERR9963795,bog,1.930288969
ERR5749942,bog,1.825341667
SRR23247659,bog,1.775116575
SRR23247659,bog,1.775116575
ERR5762206,bog,1.749672519
ERR5750978,bog,1.676030815
SRR5208283,bog,1.608840491
SRR5271166,bog,1.594317208
SRR5271168,bog,1.502119047
SRR23247698,bog,1.50067586
ERR5762205,bog,1.452343694
ERR5750921,bog,1.442973362
SRR5440535,bog,1.410835214
ERR5757773,bog,1.395604877
SRR11668386,bog,1.38598401
ERR5749939,bog,1.365747064
SRR23247734,bog,1.312768033
ERR5762199,bog,1.284550753
SRR5271157,bog,1.236508666
SRR5271156,bog,1.223180425
SRR5271163,bog,1.180503229
SRR6505091,bog,1.120490215
SRR5271154,bog,1.109287593
ERR5762203,bog,1.102670914
ERR5762228,bog,1.098592207
SRR5271165,bog,1.093588683
SRR5271170,bog,1.086924655
SRR5271167,bog,1.080332476
SRR1157609,bog,1.049472637
ERR5757926,bog,0.912419357
SRR5271155,bog,0.892357738
SRR5440534,bog,0.882796781
ERR5766914,bog,0.877620673
SRR5208337,bog,0.87684151
SRR5208282,bog,0.832730265
SRR11070432,bog,0.812938303
SRR5277367,bog,0.802218257
SRR23247661,bog,0.802129356
SRR10968283,bog,0.798613781
ERR5762230,bog,0.798580302
ERR5762236,bog,0.790004336
SRR5440531,bog,0.686534028
SRR11668419,bog,0.641108055
ERR5762204,bog,0.627926543
SRR23247761,bog,0.614255531
SRR10873268,bog,0.601963673
SRR6490520,bog,0.584919757
ERR5762212,bog,0.577766242
SRR23247724,bog,0.569912228
ERR5758132,bog,0.491072568
SRR10968282,bog,0.490646361
SRR23247739,bog,0.487435726
SRR23247763,bog,0.476997457
SRR23247755,bog,0.431034483
SRR23247754,bog,0.427880141
SRR10968150,bog,0.421137166
SRR23247759,bog,0.415186317
SRR9711196,bog,0.400036666
ERR5757923,bog,0.375317279
SRR23247733,bog,0.363205522
SRR11668400,bog,0.357960492
SRR23247667,bog,0.35743245
SRR23247732,bog,0.350281922
SRR23247728,bog,0.348784067
SRR23247695,bog,0.345102733
SRR23247791,bog,0.330877337
SRR23247738,bog,0.327979495
SRR23247684,bog,0.311620049
SRR10873265,bog,0.284987183
SRR6960546,bog,0.284750835
SRR23247701,bog,0.281297909
SRR23247663,bog,0.278657729
SRR10873274,bog,0.278611853
SRR23247764,bog,0.267121524
SRR23247705,bog,0.263111257
SRR23247737,bog,0.223245849
SRR9711195,bog,0.222660073
SRR23247726,bog,0.221735414
SRR13557795,bog,0.206609223
SRR5440533,bog,0.201983107
SRR23247703,bog,0.198917887
SRR13557793,bog,0.190670179
SRR23247765,bog,0.184751308
SRR6491179,bog,0.17149717
SRR10873211,bog,0.128263596
SRR13557791,bog,0.069953257
SRR10873275,bog,0.055551379
