Run,Env,PET_Abundance
SRR11086757,landfill,235.1348487
SRR11086756,landfill,228.7568322
SRR17204925,landfill,75.35209748
SRR17204942,landfill,72.80268563
SRR7082980,landfill,63.73151372
SRR17204920,landfill,62.03097148
SRR17204922,landfill,59.13968561
SRR7082979,landfill,47.41904299
SRR17204943,landfill,41.4219193
SRR23913137,landfill,36.85349728
SRR17204948,landfill,36.54074554
SRR17204935,landfill,34.17326859
SRR17204926,landfill,33.87164721
SRR17204941,landfill,33.66495289
SRR17204944,landfill,33.18969324
SRR17204936,landfill,32.07247487
SRR17204946,landfill,32.02786772
SRR17204924,landfill,31.24201093
SRR17204945,landfill,29.83734582
SRR23913138,landfill,29.03443284
SRR17204932,landfill,26.94538889
SRR23913139,landfill,24.89273612
SRR17204947,landfill,23.57174661
SRR17204949,landfill,22.77180138
SRR9166127,landfill,18.92662595
SRR17204940,landfill,18.87025203
SRR7082967,landfill,18.50036049
SRR7082971,landfill,18.10481406
SRR6689519,landfill,17.98087967
SRR9166107,landfill,17.59829424
SRR7082968,landfill,17.43267008
SRR10363853,landfill,17.14832869
SRR9166104,landfill,16.55780252
SRR9166121,landfill,16.16030058
SRR9166124,landfill,14.8892113
SRR10363844,landfill,14.35613934
SRR12481290,landfill,13.60203932
SRR10363845,landfill,12.59027811
SRR9166119,landfill,12.38842526
SRR9166108,landfill,11.84615385
SRR9166122,landfill,11.66363164
SRR10363846,landfill,11.59236733
SRR9166123,landfill,11.32749703
SRR10363852,landfill,10.8517575
SRR7082981,landfill,10.78607361
SRR9166109,landfill,10.35141049
SRR17204937,landfill,10.17871242
SRR7082974,landfill,9.491349124
SRR9166118,landfill,9.410419169
SRR9166120,landfill,8.980631726
SRR10363842,landfill,8.833265138
SRR17204931,landfill,8.230753633
SRR11516667,landfill,8.184060969
SRR9166125,landfill,8.173747046
SRR22269685,landfill,7.928813539
SRR6689526,landfill,7.642049174
SRR17204927,landfill,7.28211053
SRR10363840,landfill,7.25164646
SRR17204934,landfill,6.387084741
SRR10363849,landfill,6.220970397
SRR9166126,landfill,6.13210385
SRR10363843,landfill,6.032566557
SRR10363847,landfill,6.025723302
SRR10363851,landfill,5.566063041
SRR19039921,landfill,5.150756261
SRR10363839,landfill,5.069599816
SRR11516666,landfill,5.020775623
SRR10363841,landfill,4.849862562
SRR7082982,landfill,4.81801006
SRR17204938,landfill,4.812112797
SRR19039924,landfill,4.641622021
SRR19039920,landfill,4.496770869
SRR19039922,landfill,4.406837851
SRR23913140,landfill,4.38311193
SRR7082972,landfill,4.316245817
SRR11516662,landfill,4.155980892
SRR7082973,landfill,4.067222512
SRR19039923,landfill,4.066445369
SRR10363848,landfill,3.845429806
SRR19039919,landfill,3.763613904
SRR17204928,landfill,3.328240055
SRR6484323,landfill,3.305426244
SRR17204933,landfill,3.292679978
SRR11516665,landfill,3.169811321
SRR7082975,landfill,2.908384512
SRR11516663,landfill,2.894591992
SRR17204939,landfill,2.887446531
SRR21836767,landfill,2.797897962
SRR7082976,landfill,2.708149049
SRR23913141,landfill,2.646327905
SRR12481289,landfill,2.604241573
SRR7082978,landfill,2.333604294
SRR17204923,landfill,2.293147836
SRR8449813,landfill,2.036327076
SRR10363850,landfill,1.996844966
SRR7082984,landfill,1.976255547
SRR12481295,landfill,1.941820283
SRR7299214,landfill,1.854848551
SRR23913145,landfill,1.769432672
SRR12481294,landfill,1.739147718
SRR17204930,landfill,1.698239714
SRR23913142,landfill,1.619194552
SRR11516664,landfill,1.4103804
SRR17204929,landfill,1.244255643
SRR23913143,landfill,1.238353529
SRR7082965,landfill,0.949927812
SRR12481292,landfill,0.732845107
SRR7082966,landfill,0.448973262
SRR23913144,landfill,0.416457643
SRR6485349,landfill,0.316123461
SRR22315504,landfill,0.296266003
SRR18595301,landfill,0.233271128
SRR8449814,landfill,0.203440598
SRR18595299,landfill,0.189525129
SRR22315507,landfill,0.134494228
SRR22315505,landfill,0.108492441
SRR8542065,landfill,0.098314607
SRR6484325,landfill,0.07225998
SRR22315506,landfill,0.057423801
SRR6484324,landfill,0.054922218
SRR22315509,landfill,0.052951445
SRR22315503,landfill,0.047280965
SRR22315501,landfill,0.038430085
SRR20746697,wetland,31.21116627
SRR20746693,wetland,30.74257592
SRR23274337,wetland,26.40510335
SRR20746695,wetland,21.50340471
SRR20746683,wetland,21.28639413
SRR18354917,wetland,19.16794035
SRR9691051,wetland,16.94016548
SRR20746691,wetland,14.66212627
SRR20746679,wetland,13.70772762
SRR20746681,wetland,13.31535144
SRR20746677,wetland,12.98211264
SRR18354918,wetland,12.10886451
SRR9691058,wetland,12.04825495
SRR20746687,wetland,10.7763001
SRR9691057,wetland,10.48304876
SRR20746684,wetland,10.27590613
SRR20746689,wetland,9.542649867
SRR20746680,wetland,8.08788448
SRR9691054,wetland,7.72538942
SRR9691050,wetland,7.670633512
SRR23315100,wetland,7.475159468
SRR9691059,wetland,6.676201314
SRR20746682,wetland,6.391207813
SRR16547337,wetland,6.082502635
SRR23315097,wetland,5.880373282
SRR16547336,wetland,5.844839387
ERR2767290,wetland,5.689042026
SRR23315101,wetland,5.655328622
SRR20746690,wetland,5.448971192
SRR23272968,wetland,5.443219669
SRR16547334,wetland,5.373121696
SRR10968151,wetland,5.356398667
SRR20746696,wetland,5.255513845
SRR23315084,wetland,5.196675883
SRR9691020,wetland,4.744976515
SRR23315092,wetland,4.59311897
SRR18694243,wetland,4.579500149
SRR23315090,wetland,4.25613883
SRR9691033,wetland,4.04070212
SRR20746692,wetland,3.997850687
SRR23315098,wetland,3.922889969
SRR23315087,wetland,3.875341744
SRR10968158,wetland,3.855966631
SRR23315099,wetland,3.702549083
SRR18694236,wetland,3.527959842
SRR9691040,wetland,3.472258032
SRR20746686,wetland,3.451498855
SRR5209945,wetland,3.357814219
SRR16547335,wetland,3.338818389
SRR9691046,wetland,3.301307858
SRR23315085,wetland,3.256926313
SRR23315096,wetland,3.097013279
SRR18694250,wetland,3.077181125
SRR9691060,wetland,3.028553527
SRR20746676,wetland,3.009178891
SRR15400729,wetland,2.931371296
SRR18694249,wetland,2.902614421
SRR18694248,wetland,2.775761342
SRR16547338,wetland,2.76095696
SRR23315088,wetland,2.711561087
SRR23315091,wetland,2.705670137
SRR6047969,wetland,2.690036507
SRR23274338,wetland,2.686383465
SRR18694233,wetland,2.677228877
SRR21120501,wetland,2.579948683
SRR10968223,wetland,2.557801236
SRR9691028,wetland,2.490922411
SRR9691049,wetland,2.456023533
SRR23315086,wetland,2.448562341
SRR9691052,wetland,2.447252103
SRR10968153,wetland,2.432685269
SRR9691056,wetland,2.41343195
SRR18694235,wetland,2.351934891
SRR10968278,wetland,2.3489376
SRR20746698,wetland,2.267687215
SRR9691036,wetland,2.225051123
SRR18694246,wetland,2.162046579
SRR18694244,wetland,2.094868231
SRR23315094,wetland,2.061122957
SRR12418381,wetland,2.0473644
SRR20746694,wetland,2.026969925
SRR9691035,wetland,2.012540855
SRR20746685,wetland,1.944296556
SRR20746678,wetland,1.810184643
SRR5494540,wetland,1.78526391
SRR18694238,wetland,1.712198077
SRR18694240,wetland,1.709733157
SRR19666941,wetland,1.68867515
SRR9691025,wetland,1.676774697
SRR5494301,wetland,1.663919071
SRR9691037,wetland,1.647950915
SRR10968277,wetland,1.530775872
SRR14454011,wetland,1.526939878
SRR19666937,wetland,1.524257018
SRR5210214,wetland,1.500872968
SRR15400734,wetland,1.46350426
SRR19666939,wetland,1.453296106
ERR2767288,wetland,1.412105485
SRR15400736,wetland,1.405349694
SRR10968273,wetland,1.34912001
SRR10968271,wetland,1.334030366
SRR5817585,wetland,1.324156136
SRR9691031,wetland,1.27981141
SRR11734633,wetland,1.2523452
SRR10968219,wetland,1.246700106
SRR9691044,wetland,1.231077595
SRR11734634,wetland,1.192419597
SRR18694239,wetland,1.183261605
SRR14626312,wetland,1.115266763
SRR23315089,wetland,1.110960391
SRR9656207,wetland,1.103314455
SRR19666940,wetland,1.091022039
SRR11837468,wetland,1.088457159
SRR18694237,wetland,1.08742102
SRR10968155,wetland,1.075247525
SRR7499979,wetland,1.02583781
SRR9691042,wetland,1.023594049
SRR6056296,wetland,1.020391894
SRR14454012,wetland,1.015428013
SRR7497727,wetland,0.996421018
SRR14454025,wetland,0.98593544
SRR15400731,wetland,0.980653268
SRR5124970,wetland,0.972385564
SRR5468418,wetland,0.965109578
SRR19666936,wetland,0.955066237
SRR9691023,wetland,0.948799558
SRR19666938,wetland,0.926930996
SRR5468416,wetland,0.92549671
SRR5476986,wetland,0.925269358
SRR10968218,wetland,0.920638489
SRR9691041,wetland,0.916611759
SRR23315095,wetland,0.916534076
SRR9691045,wetland,0.914365052
SRR5209943,wetland,0.883398612
SRR18694242,wetland,0.859531515
SRR14454010,wetland,0.855311432
SRR16547339,wetland,0.855273007
SRR5817588,wetland,0.849512805
SRR9691047,wetland,0.849135515
SRR9691039,wetland,0.836596485
SRR9691043,wetland,0.829310703
SRR18694241,wetland,0.821745894
SRR9691030,wetland,0.802313211
SRR18694247,wetland,0.799203743
SRR23315093,wetland,0.796866103
SRR17401454,wetland,0.774085881
SRR9691034,wetland,0.770082947
SRR9691026,wetland,0.763760864
SRR22215820,wetland,0.758072064
SRR9691032,wetland,0.756496974
SRR10968147,wetland,0.750332557
SRR9691019,wetland,0.735474361
SRR9691021,wetland,0.729323308
SRR21120495,wetland,0.723609535
SRR18694234,wetland,0.723384082
SRR14454020,wetland,0.704590435
SRR17401461,wetland,0.693827992
SRR5817586,wetland,0.683967749
SRR5209944,wetland,0.681398053
SRR5817589,wetland,0.672237738
SRR10968274,wetland,0.671611868
SRR10968224,wetland,0.669346862
SRR7499980,wetland,0.643333333
SRR12418382,wetland,0.636248677
SRR14626311,wetland,0.632417897
SRR5210470,wetland,0.615839846
SRR15400733,wetland,0.607760636
SRR9691055,wetland,0.602432681
SRR10968156,wetland,0.584140436
SRR10968275,wetland,0.580862216
SRR10968148,wetland,0.570564322
SRR12418379,wetland,0.569290826
SRR10968222,wetland,0.5488512
SRR14454013,wetland,0.537922016
SRR18694245,wetland,0.524066783
SRR11837467,wetland,0.509956289
SRR15400730,wetland,0.494854596
SRR11837370,wetland,0.49161365
SRR14454024,wetland,0.487220138
SRR9691022,wetland,0.483397786
SRR5246785,wetland,0.479210309
SRR5246787,wetland,0.479210309
SRR21120502,wetland,0.478484688
SRR10968272,wetland,0.472934818
SRR9691024,wetland,0.452822688
SRR5209942,wetland,0.445862617
SRR10375808,wetland,0.433637989
SRR11837469,wetland,0.43017869
SRR17401464,wetland,0.415804206
SRR11837471,wetland,0.406115624
SRR14454016,wetland,0.404459231
SRR5817587,wetland,0.385339863
SRR5468417,wetland,0.369590524
SRR6056297,wetland,0.366013014
SRR13961594,wetland,0.354253881
SRR5210466,wetland,0.340628561
SRR20746688,wetland,0.339275041
SRR14454021,wetland,0.326310424
SRR7498026,wetland,0.308451573
SRR14454019,wetland,0.30340888
SRR13961592,wetland,0.29082774
SRR11734660,wetland,0.288982276
SRR15677241,wetland,0.286028994
SRR5198903,wetland,0.285732447
SRR5198900,wetland,0.284572684
SRR10968221,wetland,0.283662716
SRR15400728,wetland,0.280592612
SRR5210210,wetland,0.27100271
SRR5124968,wetland,0.269784173
SRR5476650,wetland,0.263192964
SRR5210208,wetland,0.259810555
SRR11837213,wetland,0.255558395
SRR5246790,wetland,0.250665639
SRR5476985,wetland,0.242175857
SRR11837388,wetland,0.222340606
SRR5246791,wetland,0.2218784
SRR22215818,wetland,0.22072783
SRR17541634,wetland,0.218915703
SRR10968280,wetland,0.215846807
SRR10968281,wetland,0.210766568
SRR11837216,wetland,0.208877285
SRR5198901,wetland,0.207596359
SRR5198902,wetland,0.206968527
SRR11734617,wetland,0.206566645
SRR5494549,wetland,0.199838534
SRR11837737,wetland,0.197174809
SRR10968211,wetland,0.19595227
SRR10968279,wetland,0.192987351
SRR11837470,wetland,0.18767507
SRR17401453,wetland,0.181681494
SRR15677232,wetland,0.181489142
SRR21120497,wetland,0.177011056
SRR15532679,wetland,0.175484018
SRR14454017,wetland,0.172077794
SRR7498056,wetland,0.162106447
SRR5817590,wetland,0.16186902
SRR11837214,wetland,0.16156916
SRR5124967,wetland,0.154746632
SRR19666934,wetland,0.151439715
SRR11837300,wetland,0.148149794
SRR9691038,wetland,0.146109138
SRR21120498,wetland,0.141638585
SRR10968149,wetland,0.139531521
SRR14454003,wetland,0.138639812
SRR14454002,wetland,0.132139476
SRR14454005,wetland,0.117974767
SRR11837389,wetland,0.112663362
SRR19666935,wetland,0.112106618
SRR8191145,wetland,0.110357787
SRR15495778,wetland,0.109427609
SRR11734659,wetland,0.105955426
SRR11837390,wetland,0.096407186
SRR15532678,wetland,0.090585535
SRR15532677,wetland,0.077650373
SRR11837428,wetland,0.069516858
SRR8191144,wetland,0.0537671
SRR11734649,wetland,0.051484501
SRR15532676,wetland,0.048242914
SRR15532675,wetland,0.026757215
SRR22870120,Volcano,22.97512642
SRR22541069,Volcano,15.51970881
SRR22541067,Volcano,15.06027708
SRR22541068,Volcano,13.77560662
SRR22870114,Volcano,13.67558273
SRR22541074,Volcano,6.901530008
SRR22541070,Volcano,6.567817071
SRR22541073,Volcano,6.493203407
SRR11271809,Volcano,5.266903213
SRR22870116,Volcano,3.139213557
SRR22541064,Volcano,2.965750832
SRR22541065,Volcano,2.650242904
SRR11271805,Volcano,2.457555178
SRR11271802,Volcano,2.426829268
SRR22541066,Volcano,2.255225419
SRR22541072,Volcano,1.871372499
SRR11271801,Volcano,1.823104693
SRR22541071,Volcano,1.691892359
SRR22541063,Volcano,1.46900017
SRR22870112,Volcano,1.339341666
SRR11582169,Volcano,1.08722022
SRR11271808,Volcano,0.916856492
SRR11271803,Volcano,0.835062241
SRR11271806,Volcano,0.7956778
SRR22870126,Volcano,0.588469063
SRR11917416,Volcano,0.420506484
SRR22870106,Volcano,0.249543692
SRR6056609,Volcano,0.036358874
SRR14458713,rhizosphere,42.05698943
SRR14458754,rhizosphere,38.49574033
SRR14458733,rhizosphere,34.4990538
SRR14458712,rhizosphere,33.82746929
SRR14458756,rhizosphere,33.66402282
SRR17036897,rhizosphere,33.17401281
SRR14458747,rhizosphere,33.1248299
SRR14458755,rhizosphere,29.45507977
SRR14458751,rhizosphere,29.33343637
SRR14458744,rhizosphere,28.75861648
SRR14458753,rhizosphere,27.88029482
SRR15947147,rhizosphere,24.84229231
SRR17012565,rhizosphere,23.55519747
SRR14458714,rhizosphere,23.53091243
SRR14458750,rhizosphere,23.46840885
SRR14458722,rhizosphere,22.51665031
SRR14458741,rhizosphere,21.98454625
SRR17036898,rhizosphere,21.45749495
SRR14458749,rhizosphere,19.3930637
SRR17036900,rhizosphere,17.87865856
SRR14458752,rhizosphere,17.66448566
SRR15947158,rhizosphere,16.3508907
SRR14458742,rhizosphere,16.26692926
SRR17012561,rhizosphere,15.5679646
SRR14458746,rhizosphere,13.366407
SRR15947157,rhizosphere,13.23740713
SRR17036902,rhizosphere,12.43235172
SRR19161318,rhizosphere,12.34112736
SRR19161324,rhizosphere,12.30388898
SRR17036901,rhizosphere,12.11392643
SRR14458745,rhizosphere,11.99906043
SRR14458711,rhizosphere,11.90404775
SRR15646762,rhizosphere,11.82047743
SRR14458710,rhizosphere,11.76748951
SRR14458748,rhizosphere,11.6737427
SRR17012560,rhizosphere,11.51074769
SRR15646758,rhizosphere,10.32656004
SRR17036903,rhizosphere,9.704952007
SRR15646759,rhizosphere,9.61704124
SRR15646751,rhizosphere,9.402525351
SRR15947149,rhizosphere,9.398802312
SRR15947156,rhizosphere,8.652892562
SRR15947153,rhizosphere,8.263727014
SRR22703648,rhizosphere,8.016334123
SRR17036904,rhizosphere,7.990401835
SRR17012564,rhizosphere,7.970980543
SRR15947148,rhizosphere,7.766973836
SRR17710032,rhizosphere,7.623054776
SRR22703646,rhizosphere,7.364775968
SRR15646760,rhizosphere,7.019801369
SRR22703657,rhizosphere,6.952674291
SRR15947154,rhizosphere,6.931592489
SRR22703655,rhizosphere,6.920467615
SRR22703641,rhizosphere,6.711180644
SRR19161323,rhizosphere,6.663209607
SRR19161327,rhizosphere,6.473516702
SRR17710030,rhizosphere,6.469438341
SRR22703644,rhizosphere,6.418726207
SRR14458743,rhizosphere,6.380987079
SRR15947155,rhizosphere,6.339759337
SRR17036899,rhizosphere,6.177038627
SRR15646761,rhizosphere,6.076693714
SRR22703656,rhizosphere,6.031422981
SRR23725312,rhizosphere,6.011708196
SRR17710033,rhizosphere,5.73421401
SRR17710019,rhizosphere,5.627364241
SRR19161316,rhizosphere,5.540917778
SRR22703649,rhizosphere,5.535718001
SRR23026120,rhizosphere,5.446048588
SRR22703653,rhizosphere,5.433443621
SRR22703650,rhizosphere,5.372409326
SRR19161333,rhizosphere,5.349028373
SRR22703647,rhizosphere,5.240726951
SRR17710027,rhizosphere,5.099154693
SRR22703652,rhizosphere,5.044598699
SRR23651773,rhizosphere,5.012372622
SRR23026126,rhizosphere,4.971301841
SRR23651777,rhizosphere,4.932382147
SRR16915455,rhizosphere,4.915217324
SRR19161319,rhizosphere,4.882033097
SRR22703658,rhizosphere,4.746274366
SRR23651775,rhizosphere,4.738451197
SRR19161317,rhizosphere,4.72940613
SRR17710031,rhizosphere,4.667699298
SRR23651779,rhizosphere,4.652978215
SRR17710023,rhizosphere,4.635532493
SRR23026125,rhizosphere,4.613617402
SRR23425233,rhizosphere,4.606270537
SRR23026124,rhizosphere,4.586490732
SRR17710026,rhizosphere,4.503793568
SRR22703643,rhizosphere,4.462901261
SRR22703654,rhizosphere,4.388305375
SRR19161335,rhizosphere,4.343808032
SRR19161326,rhizosphere,4.27381743
SRR22703642,rhizosphere,4.241097614
SRR15646756,rhizosphere,4.173082847
SRR23026118,rhizosphere,4.014610845
SRR19161334,rhizosphere,3.979719481
SRR23651778,rhizosphere,3.901667913
SRR15646757,rhizosphere,3.857416956
SRR19161315,rhizosphere,3.812338188
SRR15947150,rhizosphere,3.792201617
SRR16915477,rhizosphere,3.66914163
SRR15646755,rhizosphere,3.665727123
SRR23026121,rhizosphere,3.52339836
SRR23026119,rhizosphere,3.515215418
SRR23651772,rhizosphere,3.481799933
SRR22703645,rhizosphere,3.389840909
SRR20079029,rhizosphere,3.363840489
SRR17710021,rhizosphere,3.306384601
SRR15646753,rhizosphere,3.278359366
SRR23026127,rhizosphere,3.276951192
SRR16915454,rhizosphere,3.256751524
SRR17710025,rhizosphere,3.203123091
SRR16798123,rhizosphere,3.197924
SRR17710020,rhizosphere,3.17792988
SRR19161322,rhizosphere,3.154877077
SRR16915478,rhizosphere,3.120347166
SRR19161329,rhizosphere,3.05773906
SRR19161325,rhizosphere,3.006173602
SRR16915473,rhizosphere,2.803241259
SRR16915460,rhizosphere,2.800750413
SRR23651776,rhizosphere,2.783521865
SRR16915466,rhizosphere,2.750212742
SRR15947152,rhizosphere,2.747548244
SRR17710029,rhizosphere,2.721956098
SRR17710034,rhizosphere,2.699042791
SRR22703651,rhizosphere,2.697311755
SRR15646752,rhizosphere,2.691291805
SRR19161330,rhizosphere,2.675717925
SRR19161320,rhizosphere,2.632303559
SRR16915462,rhizosphere,2.627476201
SRR23026122,rhizosphere,2.47152844
SRR15373726,rhizosphere,2.432491983
SRR16915480,rhizosphere,2.406419043
SRR16915456,rhizosphere,2.397202608
SRR16915457,rhizosphere,2.383420337
SRR23651774,rhizosphere,2.354603298
SRR16915479,rhizosphere,2.344813073
SRR17710024,rhizosphere,2.301853926
SRR20079013,rhizosphere,2.282296651
SRR16915459,rhizosphere,2.245389368
SRR16915463,rhizosphere,2.233512268
SRR19161321,rhizosphere,2.202878788
SRR16915467,rhizosphere,2.15929892
SRR16915468,rhizosphere,2.121833036
SRR23725313,rhizosphere,2.066761364
SRR20079030,rhizosphere,1.980431044
SRR16915453,rhizosphere,1.953617519
SRR16798073,rhizosphere,1.870155039
SRR20079033,rhizosphere,1.854749665
SRR16915458,rhizosphere,1.786319935
SRR16915475,rhizosphere,1.784396702
SRR16915469,rhizosphere,1.757430347
SRR20079031,rhizosphere,1.747409014
SRR16915474,rhizosphere,1.717944385
SRR17710028,rhizosphere,1.706393644
SRR20079014,rhizosphere,1.666666667
SRR16915472,rhizosphere,1.640034826
SRR16915464,rhizosphere,1.629911852
SRR16915452,rhizosphere,1.622717188
SRR16915465,rhizosphere,1.5925784
SRR20079019,rhizosphere,1.563937443
SRR15646754,rhizosphere,1.547371689
SRR15373727,rhizosphere,1.382087629
SRR19161332,rhizosphere,1.359575127
SRR16915470,rhizosphere,1.351027757
SRR16915471,rhizosphere,1.288323981
SRR16798124,rhizosphere,1.209795322
SRR16915476,rhizosphere,1.191655912
SRR16915461,rhizosphere,1.123318847
SRR16915451,rhizosphere,1.115841205
SRR20079020,rhizosphere,1.048211898
SRR19161331,rhizosphere,1.011569608
SRR17710022,rhizosphere,0.975108767
SRR16798072,rhizosphere,0.935540429
SRR20079021,rhizosphere,0.823045267
SRR15373728,rhizosphere,0.538335361
SRR20079032,rhizosphere,0.471135496
SRR20079015,rhizosphere,0.461448598
SRR20079012,rhizosphere,0.449820072
SRR16798125,rhizosphere,0.393450635
SRR6056323,phyllosphere,50.57471264
SRR6056322,phyllosphere,47.36842105
SRR6050641,phyllosphere,42.4337232
SRR4141180,phyllosphere,28.68845034
SRR21860277,phyllosphere,25.93351464
SRR4140276,phyllosphere,25.91336241
SRR6056336,phyllosphere,24.56140351
SRR7974395,phyllosphere,19.19179062
SRR21860274,phyllosphere,19.05793319
SRR4142282,phyllosphere,18.59992109
SRR4142460,phyllosphere,17.63718241
SRR4142283,phyllosphere,16.16434485
SRR21860276,phyllosphere,15.14964262
SRR7974393,phyllosphere,14.60836585
SRR4142459,phyllosphere,13.0837032
SRR5166355,phyllosphere,12.85419094
SRR4140275,phyllosphere,12.76741597
SRR6056335,phyllosphere,12.0523416
SRR4142417,phyllosphere,10.94731983
SRR4142430,phyllosphere,10.38715968
SRR21860275,phyllosphere,9.478146968
SRR10127271,phyllosphere,9.251214135
SRR4142418,phyllosphere,8.136417571
SRR10917426,phyllosphere,6.903573468
SRR6050776,phyllosphere,5.831444491
SRR10916587,phyllosphere,4.797149123
SRR10143418,phyllosphere,4.704301075
SRR15809226,phyllosphere,4.516031913
SRR4140277,phyllosphere,3.683109145
SRR6942514,phyllosphere,2.661780548
SRR21860271,phyllosphere,1.34659066
SRR10143174,phyllosphere,0.96373672
SRR21860282,phyllosphere,0.592566517
SRR21860268,phyllosphere,0.38132662
SRR21860281,phyllosphere,0.364215791
SRR21860266,phyllosphere,0.32040941
SRR21860267,phyllosphere,0.319701994
SRR21860269,phyllosphere,0.31026445
SRR21860280,phyllosphere,0.18711704
SRR21860283,phyllosphere,0.098258099
SRR21860270,phyllosphere,0.069929102
SRR10127267,phyllosphere,0.06524943
SRR21860279,phyllosphere,0.059460628
SRR21860278,phyllosphere,0.057705685
SRR21860272,phyllosphere,0.052097263
SRR14140302,petroleum,22.71234871
SRR14140301,petroleum,19.69439961
SRR8379594,petroleum,1.690985876
SRR23135032,petroleum,1.635749801
SRR7754705,petroleum,1.397869016
ERR2828449,petroleum,0.856107234
SRR2107173,petroleum,0.512135758
SRR23135033,petroleum,0.330993445
SRR7754706,petroleum,0.279317497
SRR13492908,petroleum,0.038022235
SRR13452042,petroleum,0.026930804
SRR18502802,marinesediment,103.4202555
ERR5002005,marinesediment,62.0334562
ERR5002009,marinesediment,53.3428165
ERR5002002,marinesediment,40.38590203
SRR12893484,marinesediment,36.70899651
ERR5002003,marinesediment,31.42911826
SRR18502801,marinesediment,22.94535335
SRR12893483,marinesediment,16.62549876
ERR5002007,marinesediment,7.326314027
ERR5004404,marinesediment,6.18556701
SRR12068624,marinesediment,1.619342217
SRR23985295,marinesediment,1.511506276
SRR15039771,marinesediment,1.407683907
SRR23337892,marinesediment,1.295836788
SRR10072863,marinesediment,0.907797789
SRR10156269,marinesediment,0.813087774
SRR23985293,marinesediment,0.620584509
SRR10156267,marinesediment,0.574229692
SRR23985278,marinesediment,0.463460849
SRR23985294,marinesediment,0.383311174
SRR10072857,marinesediment,0.358252126
SRR23986797,marinesediment,0.223919834
SRR10072860,marinesediment,0.223908667
SRR10072859,marinesediment,0.220783782
SRR10072858,marinesediment,0.164653405
SRR23985142,marinesediment,0.159338744
SRR10072862,marinesediment,0.147775072
SRR21856589,marinesediment,0.065926089
SRR21856588,marinesediment,0.03982497
SRR13153329,marine,121.4438122
SRR15530470,marine,83.16916602
SRR15530479,marine,45.80669181
SRR15530465,marine,38.19292641
SRR15530474,marine,33.02633598
SRR20241980,marine,28.24384787
SRR13153330,marine,26.58371485
SRR20241919,marine,25.63119207
SRR15530471,marine,11.55941053
SRR15530467,marine,11.2641149
SRR15530476,marine,10.95772918
SRR13153270,marine,9.449468498
SRR15530472,marine,9.427628656
SRR15530468,marine,8.964373439
SRR15530473,marine,8.661170467
SRR15530466,marine,7.687306293
SRR15530475,marine,7.260309866
SRR20242106,marine,6.711409396
SRR17118850,marine,6.677740864
SRR20241689,marine,6.445073439
SRR17118861,marine,5.876623377
SRR15530469,marine,5.381032324
SRR20242028,marine,4.719214879
SRR20241719,marine,4.452218159
SRR20242082,marine,4.439134809
SRR21430009,marine,4.357805741
SRR21430009,marine,4.357805741
SRR20241693,marine,4.069669366
SRR20241608,marine,3.956195738
SRR20241764,marine,3.764478764
SRR20241922,marine,3.762059564
SRR20241970,marine,3.440124942
SRR13153261,marine,3.341448354
SRR20242062,marine,3.211999751
SRR15530478,marine,3.209669582
SRR15530480,marine,3.173560582
SRR15530477,marine,3.102796144
SRR20241865,marine,3.097893432
SRR20241644,marine,3.049051571
SRR13153352,marine,2.890240516
SRR13153511,marine,2.638345272
SRR23604823,marine,2.537341008
SRR23604823,marine,2.537341008
SRR20241866,marine,2.398496612
SRR13153354,marine,2.198575067
SRR13153521,marine,2.186409354
SRR13153535,marine,2.146246764
SRR13153333,marine,2.118823919
SRR13153532,marine,2.089724214
SRR13153537,marine,2.032986716
SRR23604822,marine,1.822721349
SRR23604822,marine,1.822721349
SRR13153331,marine,1.755584316
SRR13816199,marine,1.723622
SRR13153344,marine,1.601731602
SRR14511832,marine,1.341881275
SRR17940155,marine,1.173490532
SRR13153550,marine,1.132867651
SRR13153296,marine,1.008504212
SRR21430006,marine,0.984199834
SRR21430006,marine,0.984199834
SRR16686516,marine,0.916609506
SRR23604821,marine,0.893062162
SRR23604821,marine,0.893062162
SRR13153355,marine,0.848214286
SRR17940156,marine,0.845987111
SRR13153498,marine,0.807067606
SRR14511887,marine,0.732153752
SRR13153462,marine,0.681706127
SRR13153467,marine,0.652561076
SRR14865843,marine,0.623750859
SRR21430010,marine,0.59176434
SRR21430010,marine,0.59176434
SRR13153443,marine,0.582843499
SRR14511922,marine,0.572860723
SRR13153441,marine,0.563868412
SRR13122192,marine,0.546601699
SRR13153449,marine,0.531653385
SRR13153316,marine,0.528905289
SRR13153334,marine,0.522197897
SRR13122123,marine,0.480815233
SRR13816176,marine,0.468079742
SRR13816155,marine,0.454870863
SRR21430008,marine,0.411472185
SRR21430008,marine,0.411472185
SRR13153466,marine,0.35961318
SRR21430007,marine,0.350794647
SRR21430007,marine,0.350794647
SRR14511923,marine,0.302555597
SRR13153453,marine,0.297371238
SRR14511928,marine,0.289827973
SRR24202172,marine,0.271310714
SRR24202172,marine,0.271310714
SRR23604820,marine,0.26897286
SRR23604820,marine,0.26897286
SRR13153376,marine,0.258055137
SRR14865845,marine,0.257588415
SRR13153460,marine,0.250977155
SRR17940154,marine,0.214688373
SRR14511926,marine,0.200567351
SRR14865844,marine,0.171430925
SRR16028405,marine,0.167225767
SRR19888802,marine,0.154911125
SRR13816154,marine,0.151174941
SRR14511913,marine,0.148374524
SRR16028411,marine,0.13241689
SRR14511875,marine,0.132306129
SRR14511836,marine,0.125499208
SRR14511835,marine,0.124366139
SRR14511838,marine,0.10742245
SRR14865841,marine,0.103096674
SRR13816153,marine,0.090864242
ERR4234199,marine,0.068390926
SRR13816157,marine,0.052712159
SRR13009789,marine,0.040634395
ERR4234200,marine,0.031844732
ERR4234198,marine,0.008862623
SRR5580901,hotspring,8.01340424
SRR24079451,hotspring,7.771223308
ERR1846295,hotspring,4.711313424
SRR24079426,hotspring,3.781549765
SRR3961739,hotspring,2.330955451
SRR5580903,hotspring,2.222120407
SRR5580900,hotspring,1.95383389
SRR10095351,hotspring,1.545226131
SRR5580868,hotspring,1.510081985
SRR10095343,hotspring,1.364696734
ERR1846294,hotspring,1.214872911
SRR7067823,hotspring,1.168944824
SRR24079453,hotspring,1.097867375
SRR24079455,hotspring,0.907194092
SRR5214705,hotspring,0.851233923
SRR14161892,hotspring,0.826377295
SRR24079477,hotspring,0.746727915
SRR24079447,hotspring,0.730898368
SRR24079450,hotspring,0.718298251
SRR24079432,hotspring,0.712199843
SRR24079458,hotspring,0.691457839
SRR24079428,hotspring,0.659834897
SRR24079438,hotspring,0.611333384
SRR24079441,hotspring,0.586222433
SRR5468568,hotspring,0.583222501
SRR5581334,hotspring,0.538011339
SRR7067822,hotspring,0.476281876
SRR3961733,hotspring,0.435190474
SRR24079425,hotspring,0.326907712
SRR10067287,hotspring,0.309725159
SRR7473442,hotspring,0.299149294
SRR5214154,hotspring,0.273469547
SRR24079436,hotspring,0.263508569
SRR15214113,hotspring,0.247157687
SRR7039830,hotspring,0.243580149
SRR4030105,hotspring,0.200611229
SRR5641139,hotspring,0.193259863
SRR9001935,hotspring,0.191593055
SRR24079433,hotspring,0.169333426
SRR7903765,hotspring,0.041029173
SRR5248876,hotspring,0.040970846
SRR23684485,freshwater,2.644865552
SRR23684448,freshwater,2.454949219
SRR23684539,freshwater,2.361998689
SRR23684460,freshwater,1.421734234
SRR22256703,freshwater,1.279017464
SRR21705855,freshwater,1.064667522
SRR23684543,freshwater,1.043459325
SRR23684480,freshwater,1.003130042
SRR23684541,freshwater,0.910498042
SRR23684532,freshwater,0.89418511
SRR23684499,freshwater,0.869708881
SRR21705886,freshwater,0.850027277
SRR23684466,freshwater,0.816620808
ERR10509557,freshwater,0.807123971
ERR10509556,freshwater,0.79802681
SRR23684459,freshwater,0.790984511
SRR21705889,freshwater,0.775397296
SRR23684454,freshwater,0.700007217
SRR23684441,freshwater,0.69844358
SRR23684451,freshwater,0.682171069
SRR23684515,freshwater,0.678387812
SRR23684491,freshwater,0.650331687
SRR23684497,freshwater,0.560882071
ERR10509555,freshwater,0.526180637
SRR23684457,freshwater,0.524252371
SRR22804967,freshwater,0.519295777
SRR22256700,freshwater,0.505677025
SRR23684538,freshwater,0.478087082
SRR23684564,freshwater,0.474625776
SRR21705880,freshwater,0.442967885
SRR21705864,freshwater,0.440367772
SRR21705884,freshwater,0.433563417
SRR22256704,freshwater,0.433333113
ERR10509554,freshwater,0.427809968
SRR23684537,freshwater,0.398369546
SRR23684443,freshwater,0.384008662
SRR22256702,freshwater,0.363494235
SRR23684550,freshwater,0.352450033
SRR23684516,freshwater,0.337202093
SRR23684544,freshwater,0.334485002
SRR23684453,freshwater,0.329290193
SRR23684554,freshwater,0.328697206
SRR23684553,freshwater,0.326575463
SRR23684500,freshwater,0.324902044
SRR21705863,freshwater,0.31884058
SRR10241523,freshwater,0.307539683
SRR23684426,freshwater,0.292852522
SRR23684565,freshwater,0.292465151
SRR23684545,freshwater,0.2901278
SRR23684492,freshwater,0.285660185
SRR23684556,freshwater,0.256805115
SRR23684501,freshwater,0.226347673
SRR23684528,freshwater,0.225050581
ERR10509552,freshwater,0.194409302
SRR23684527,freshwater,0.185403232
ERR10509553,freshwater,0.175099461
SRR22256691,freshwater,0.147438695
SRR22804965,freshwater,0.061571352
ERR10509559,freshwater,0.028502552
SRR6713627,compost,113.7652292
SRR6713626,compost,108.0666903
SRR17938981,compost,104.6774509
SRR6713625,compost,99.96211502
SRR24044310,compost,96.04268884
SRR24044311,compost,87.90596123
SRR24044312,compost,86.5745094
SRR13882924,compost,83.19835295
SRR9312622,compost,77.12997781
SRR9312623,compost,71.64860581
SRR21373923,compost,65.39924331
SRR2086436,compost,38.87893562
SRR6713628,compost,37.38292681
SRR24044294,compost,36.83454882
SRR21373922,compost,35.69679204
SRR24044317,compost,34.85548869
SRR17041395,compost,32.64778218
SRR24044318,compost,32.19805864
SRR24044332,compost,31.88158115
SRR6201975,compost,30.83246876
SRR17041394,compost,30.66692074
SRR24044315,compost,29.01000837
SRR24044316,compost,28.88810308
SRR5690554,compost,28.50784845
SRR24044297,compost,28.4128745
SRR5690606,compost,28.24391077
SRR24044326,compost,28.07330462
SRR17041392,compost,27.63748483
SRR24044327,compost,27.51263605
SRR24044331,compost,26.05660389
SRR24044293,compost,25.73071189
SRR2086437,compost,25.70603338
SRR24044292,compost,25.06175451
SRR24044314,compost,25.06170469
SRR8127592,compost,25.0213025
SRR17041391,compost,24.2939574
SRR24044296,compost,23.34271605
SRR14301308,compost,23.09722168
SRR24044328,compost,22.97444554
SRR6713630,compost,22.826782
SRR17191898,compost,22.22874402
SRR8127629,compost,22.12589606
SRR18469381,compost,21.70467836
SRR24044299,compost,21.63242357
SRR8127631,compost,20.93440594
SRR14301320,compost,20.9281619
SRR24044320,compost,20.81825018
SRR5626799,compost,20.61538462
SRR8127625,compost,20.41666667
SRR24044322,compost,20.05184312
SRR14301321,compost,19.75451268
SRR11128412,compost,19.35790851
SRR14301304,compost,19.34105943
SRR13115019,compost,19.31633295
ERR2234938,compost,19.02660339
SRR16798010,compost,18.00816841
SRR16798008,compost,17.79133939
SRR24044295,compost,17.71439504
SRR9312615,compost,17.69068337
SRR24044313,compost,17.63720007
SRR17191903,compost,17.26892505
SRR24044319,compost,16.81032427
SRR21203432,compost,16.7487399
SRR16797999,compost,16.64880997
SRR14301316,compost,16.54093877
SRR9312614,compost,16.11492907
SRR24044308,compost,15.7430882
SRR8127627,compost,15.68093385
SRR21373924,compost,15.64039568
SRR17191902,compost,15.16554771
SRR13001972,compost,14.53613918
SRR8127622,compost,14.05776409
SRR8127610,compost,13.95503953
SRR13882926,compost,13.86652702
SRR24044306,compost,13.85923838
SRR6958990,compost,13.66475746
SRR8127640,compost,13.02291422
SRR16797978,compost,13.02241274
SRR16798009,compost,12.99540189
SRR8127599,compost,12.95230263
SRR13882927,compost,12.77591141
SRR8127641,compost,12.71088856
SRR8127638,compost,12.68847515
SRR17041388,compost,12.49900901
SRR16797977,compost,12.42448727
SRR8127621,compost,12.37620235
SRR8127615,compost,12.34302326
SRR16797980,compost,12.34237443
SRR9312618,compost,12.23413529
SRR21373925,compost,12.15666695
SRR8127644,compost,12.09045584
SRR17938974,compost,12.01551809
SRR24044321,compost,11.46045667
SRR16797979,compost,11.35297397
SRR5626787,compost,11.2987013
SRR24044325,compost,11.29554922
SRR9312619,compost,11.26262626
SRR24044307,compost,11.21833975
SRR17938982,compost,11.01578776
SRR16797976,compost,10.98109956
SRR24044298,compost,10.94978923
SRR8127611,compost,10.81521739
SRR8127636,compost,10.47650819
SRR8127645,compost,10.32466838
SRR17191907,compost,10.31072038
SRR17041390,compost,10.30330051
SRR5626800,compost,10.05747126
SRR8127606,compost,10
SRR8127600,compost,9.943181818
SRR8127588,compost,9.551451187
SRR24044324,compost,9.335857506
SRR7976140,compost,9.293691279
SRR24044329,compost,9.029603249
SRR17191899,compost,9.015390139
SRR24044323,compost,8.860761334
SRR14301319,compost,8.694760701
SRR6713629,compost,8.578060898
SRR8127628,compost,8.514309764
ERR2234939,compost,8.503798948
SRR8127634,compost,8.495662118
SRR14301300,compost,8.475986928
SRR13882925,compost,8.412597759
SRR8127594,compost,8.322671376
SRR8127637,compost,8.044950739
SRR8127626,compost,7.801616915
SRR8127590,compost,7.749660326
SRR24044300,compost,7.694679395
SRR8127624,compost,7.692307692
SRR9312625,compost,7.688528642
SRR9312631,compost,7.670215555
SRR8127608,compost,7.547468354
SRR8127595,compost,7.011627907
SRR17938976,compost,6.97568628
SRR24044305,compost,6.970677703
SRR17191900,compost,6.558496061
SRR8127620,compost,6.444642857
SRR24044303,compost,6.425163119
SRR24044301,compost,6.397308509
SRR9312627,compost,6.386554622
SRR17041389,compost,6.343964812
SRR24044302,compost,6.235604737
SRR8127618,compost,6.099793369
SRR8127601,compost,6.085481604
SRR6958989,compost,5.886746334
SRR24044304,compost,5.880305703
SRR8127607,compost,5.864846119
SRR17191906,compost,5.8463536
SRR8127605,compost,5.841861598
SRR9312624,compost,5.825867384
SRR8127639,compost,5.515013966
SRR8127619,compost,5.514162562
SRR17938971,compost,5.452810549
SRR8127613,compost,5.081300813
SRR8127616,compost,5.073872473
SRR5688572,compost,4.940294264
SRR9312626,compost,4.860864417
SRR8127635,compost,4.807692308
SRR8127612,compost,4.70505618
SRR17938972,compost,4.655674014
SRR8127617,compost,4.654696133
SRR8127597,compost,4.652777778
SRR9312617,compost,4.588877399
SRR9312630,compost,4.465103561
SRR24044330,compost,4.376779827
SRR17938975,compost,4.344722097
SRR24044309,compost,4.332257264
SRR9312616,compost,4.301451441
SRR17191905,compost,4.080203661
SRR24044291,compost,3.930849874
SRR17191904,compost,3.773447358
SRR17191901,compost,3.74838891
SRR9312629,compost,3.700060533
SRR17938979,compost,3.68473468
SRR8127604,compost,3.644328035
SRR17938973,compost,3.619827735
SRR17938970,compost,3.617961404
SRR10586134,compost,3.429504627
SRR17938969,compost,3.406105446
SRR17938977,compost,3.396749594
SRR7976138,compost,3.36670141
SRR9312628,compost,3.3421828
SRR17041387,compost,3.249183778
SRR8127623,compost,3.243140478
SRR6713632,compost,3.148156711
SRR8127630,compost,3.128930818
SRR16797981,compost,3.118765591
SRR9312633,compost,3.085191485
SRR7778156,compost,3.084688726
SRR8127598,compost,3.031496063
SRR9312634,compost,2.977347851
SRR17938978,compost,2.961801133
SRR7778151,compost,2.874930798
SRR10586133,compost,2.74128627
SRR6713633,compost,2.720085687
SRR9312612,compost,2.593679612
SRR17938967,compost,2.532764407
SRR8127642,compost,2.404643449
SRR8127593,compost,2.398325359
SRR8127633,compost,2.376644737
SRR6713631,compost,2.374064789
SRR8127591,compost,2.352150538
SRR10586132,compost,2.341954023
SRR21373926,compost,2.337727832
SRR13115018,compost,2.126307572
SRR17938968,compost,2.075012149
SRR7778149,compost,1.990852724
SRR6713634,compost,1.954139225
SRR7778157,compost,1.722943723
SRR9312610,compost,1.641558038
SRR17938980,compost,1.382799325
SRR9312635,compost,1.261893515
SRR9312632,compost,0.947619048
SRR6713635,compost,0.932286393
SRR6713636,compost,0.928139532
SRR10586137,compost,0.813223938
SRR6958719,compost,0.658984787
SRR7976143,compost,0.646063674
SRR7778161,compost,0.601920125
SRR6958720,compost,0.584844415
SRR7976233,compost,0.559163059
SRR7778153,compost,0.54044752
SRR6958908,compost,0.348237916
SRR7976231,compost,0.333333333
SRR7778155,compost,0.288069184
SRR6958704,compost,0.267625739
SRR7976142,compost,0.236287953
SRR7976146,compost,0.203660062
SRR6826357,compost,0.160297105
ERR5766670,bog,1.368565126
ERR5766672,bog,1.225549542
ERR5766671,bog,1.051469197
ERR5757773,bog,0.975609756
ERR5762228,bog,0.958686441
ERR5766673,bog,0.708751541
ERR9963794,bog,0.651474531
ERR5766914,bog,0.614334471
SRR1157609,bog,0.373111984
ERR5750978,bog,0.355173876
ERR5766674,bog,0.319742793
ERR9963795,bog,0.25319629
SRR5271169,bog,0.212300212
ERR5766676,bog,0.184970489
